X,Wardname,Wardname_rn,Population2011Census,GeneralFertilityRate,Malelifeexpectancy,Femalelifeexpectancy,Children,Greaterthan65,nonwhite,NotBorninUK,NotEnglishspeaking,Wardname_rn
0,Bromley - Darwin,Darwin,5110,63.8,81.2,82.4,18.31702544,21.9,4.8,6.1,0.4,Darwin
1,Hillingdon - Harefield,Harefield,7399,55.8,78.3,82.3,19.24584403,17,12.5,13.3,3.1,Harefield
2,Westminster - Tachbrook,Tachbrook,8158,33.3,82.2,83.1,10.75018387,15.4,21.8,41.1,15.1,Tachbrook
3,Merton - Village,Village,8491,49.7,82.6,86.3,19.1025792,19.3,17.1,34,8.3,Village
4,Merton - Hillside,Hillside,8977,60,81,91.7,13.82421744,13.7,21.7,41.6,11.3,Hillside
5,Merton - Lower Morden,Lower Morden,9090,67.7,80.1,86.6,19.18591859,15.2,21.9,22.1,5.9,Lower Morden
6,Kingston upon Thames - Alexandra,Alexandra,9246,55.1,80.8,84.4,20.86307592,14.8,29.8,27.2,8.2,Alexandra
7,Merton - Cannon Hill,Cannon Hill,9249,66.9,79.7,83.6,17.73164666,15.8,25.4,29.6,7.7,Cannon Hill
8,Merton - Dundonald,Dundonald,9275,77.3,80,90.1,16.4851752,9.8,18.1,35.6,7.3,Dundonald
9,Westminster - Warwick,Warwick,9369,40.7,80.7,95.1,10.7161917,11.3,24,43.9,15.9,Warwick
10,Richmond upon Thames - Hampton North,Hampton North,9387,47.3,80.7,87.3,19.25002663,15.7,16.3,20.1,5.4,Hampton North
11,Kingston upon Thames - Old Malden,Old Malden,9431,62.6,82.4,85.9,19.87063938,15.7,30.8,27.3,8.4,Old Malden
12,Kingston upon Thames - Berrylands,Berrylands,9437,60.4,78.4,83.9,16.92275087,14.9,18.1,24.1,6.9,Berrylands
13,Merton - Merton Park,Merton Park,9485,57.1,84.5,88.5,19.50448076,14.6,29.2,35.5,10.1,Merton Park
14,Kingston upon Thames - Tudor,Tudor,9578,61.7,82.5,86.4,22.93798288,13.6,17.6,23.9,6.1,Tudor
15,Sutton - Sutton South,Sutton South,9599,85.8,77.2,81.7,14.87654964,17.5,24.4,29.4,9.7,Sutton South
16,Westminster - Churchill,Churchill,9618,46,74.6,81.9,20.12892493,12.8,39.4,44.4,17.4,Churchill
17,Lambeth - Bishop's,Bishop's,9675,38.2,78,84,11.45219638,8.7,42,43,13.7,Bishop's
18,Merton - Raynes Park,Raynes Park,9738,82.3,80,83.8,19.17231464,13.7,19.8,33.4,8.7,Raynes Park
19,Kingston upon Thames - Coombe Vale,Coombe Vale,9750,51.4,80.2,85.3,21.24102564,13.3,33.4,33.5,11.1,Coombe Vale
20,Richmond upon Thames - Whitton,Whitton,9752,76.8,79.7,85.8,19.33962264,16.3,21.5,23.3,6.7,Whitton
21,Merton - Trinity,Trinity,9798,93.8,80.6,83.9,16.93202694,8.2,22.2,36.1,9.8,Trinity
22,Merton - Graveney,Graveney,9816,91.8,82.9,85.6,18.24572127,10.9,57.5,54.1,23.1,Graveney
23,Bromley - Shortlands,Shortlands,9824,48.2,83,87.9,18.52605863,19.7,15.6,16,3.6,Shortlands
24,Merton - West Barnes,West Barnes,9862,82,82.9,82.4,20.44210099,13.4,30,33.7,9.3,West Barnes
25,Bromley - Biggin Hill,Biggin Hill,9951,60,82.2,86.2,18.95286906,16.3,4.1,5.1,0.5,Biggin Hill
26,Merton - Ravensbury,Ravensbury,9968,93.2,78,81.4,21.24799358,13.5,38.9,36,13.1,Ravensbury
27,Richmond upon Thames - Hampton,Hampton,9985,78.5,81.1,86.6,19.33900851,15.8,11.3,16.7,4,Hampton
28,Richmond upon Thames - South Twickenham,South Twickenham,9987,74.1,82.5,87,18.47401622,10.3,9.7,18.8,4,South Twickenham
29,Westminster - Vincent Square,Vincent Square,9988,39,80.3,90.4,14.48738486,12.6,29.3,44.6,17,Vincent Square
30,Merton - Longthornton,Longthornton,10024,74.1,78.2,84,21.63806864,10.8,58.2,42,14.5,Longthornton
31,Harrow - Pinner,Pinner,10026,62.5,80.7,84.9,18.11290644,19.8,38,31.7,7.5,Pinner
32,Sutton - Carshalton Central,Carshalton Central,10039,60.5,82.9,85.4,19.06564399,13.7,13.7,15,3.7,Carshalton Central
33,Sutton - Belmont,Belmont,10048,65.5,78.6,82.1,17.79458599,16.4,22.2,22.1,4.8,Belmont
34,Harrow - Headstone North,Headstone North,10093,47.6,81.3,85.4,18.18091747,16.4,52.6,37,9.1,Headstone North
35,Kingston upon Thames - Norbiton,Norbiton,10107,67.4,76.2,78.2,18.76916988,9.1,31,34.1,13.6,Norbiton
36,Kingston upon Thames - Beverley,Beverley,10109,66.1,76.8,80,20.66475418,12.9,32.6,32.4,13.3,Beverley
37,Sutton - Wallington South,Wallington South,10200,53,178,81.7,18.20588235,17.3,21.3,18.5,4.3,Wallington South
38,Westminster - Maida Vale,Maida Vale,10210,71.6,87.6,88.8,17.88442703,9.2,37.6,49,15.2,Maida Vale
39,Richmond upon Thames - Hampton Wick,Hampton Wick,10221,60.9,79.7,84.4,20.43831328,13.3,11.4,20.3,4.5,Hampton Wick
40,Kingston upon Thames - Chessington South,Chessington South,10232,60.9,80,83.3,20.68021892,13.5,13,14.3,3.9,Chessington South
41,Merton - Lavender Fields,Lavender Fields,10273,76.2,80.8,80.9,20.3056556,7.3,46.8,46.1,19.6,Lavender Fields
42,Sutton - Cheam,Cheam,10285,46.3,82.3,83,19.82498785,19.7,21.2,18.6,3.3,Cheam
43,Merton - Pollards Hill,Pollards Hill,10287,81,80.2,85.2,24.11781861,10.5,56.4,35.9,9.4,Pollards Hill
44,Waltham Forest - Chingford Green,Chingford Green,10287,60.6,77.7,84.4,17.66306989,21.8,14.7,13.1,3,Chingford Green
45,Richmond upon Thames - Barnes,Barnes,10299,64,82.3,84.8,20.40003884,14.7,14.3,32.2,8.3,Barnes
46,Westminster - Bayswater,Bayswater,10300,43.2,91.6,85.1,11.74757282,9.7,31.1,56.1,23.9,Bayswater
47,Sutton - Beddington North,Beddington North,10309,69.2,79.3,83,20.69065865,13.3,23.5,16.6,3.8,Beddington North
48,Richmond upon Thames - Heathfield,Heathfield,10313,80,80.2,82.3,20.16871909,14.8,30.4,26.6,8.7,Heathfield
49,"Richmond upon Thames - Ham, Petersham & Richmond Riverside","Ham, Petersham & Richmond Riverside",10317,68.8,78.3,86.4,19.12377629,16.7,15.9,30.5,7.6,"Ham, Petersham & Richmond Riverside"
50,Merton - Abbey,Abbey,10323,52.6,80,81,15.73186089,8.5,26.6,38.3,12.5,Abbey
51,Richmond upon Thames - Teddington,Teddington,10330,51.9,81.9,83.4,18.93514037,13.6,8.9,17.8,4.1,Teddington
52,Richmond upon Thames - East Sheen,East Sheen,10348,85.9,84.5,88.5,22.90297642,13.9,9.3,23.6,5.5,East Sheen
53,Sutton - Sutton North,Sutton North,10355,60.5,76.9,82.9,20.13520039,16.5,21.9,21.1,6.1,Sutton North
54,Kingston upon Thames - Coombe Hill,Coombe Hill,10357,43.9,80.4,83,18.8181906,14.4,35.5,40.6,13.9,Coombe Hill
55,Westminster - Marylebone High Street,Marylebone High Street,10366,36.5,84.4,83.9,8.527879606,11.7,27.8,58.5,21.8,Marylebone High Street
56,Harrow - West Harrow,West Harrow,10373,60.8,81.4,82.6,20.30270896,13,55.8,42.9,14.4,West Harrow
57,Hillingdon - Ickenham,Ickenham,10387,57.1,81.9,85.4,18.63868297,19.9,21.8,15.9,2.8,Ickenham
58,Richmond upon Thames - Twickenham Riverside,Twickenham Riverside,10396,73.8,78.4,81,17.13158907,12.4,10.3,26.8,7.2,Twickenham Riverside
59,Greenwich - Eltham West,Eltham West,10399,47.9,74.2,81.7,21.99249928,12.3,24.6,21.3,6.4,Eltham West
60,Harrow - Pinner South,Pinner South,10411,61.1,82.7,93.1,21.16031121,17.1,40.6,29.4,6.8,Pinner South
61,Bexley - Barnehurst,Barnehurst,10418,61,78.6,85.8,18.9671722,18.2,9.8,8,1.3,Barnehurst
62,Redbridge - Monkhams,Monkhams,10422,53.7,80.9,82.5,16.97370946,20.7,21.1,18.8,3.8,Monkhams
63,Bexley - Longlands,Longlands,10442,52.5,79.6,81.3,16.29955947,21.7,9.4,9.9,2.1,Longlands
64,Kingston upon Thames - Surbiton Hill,Surbiton Hill,10459,54.2,79.1,81.9,16.70331772,13.5,19,25,7,Surbiton Hill
65,Hillingdon - Northwood,Northwood,10469,50.4,81.4,83.9,15.82768173,20.9,34.8,31.8,7,Northwood
66,Richmond upon Thames - West Twickenham,West Twickenham,10528,88.4,79.2,83.4,21.78951368,11.7,16,21.1,4.4,West Twickenham
67,Sutton - Sutton West,Sutton West,10536,63.2,79.4,82.2,18.07137434,13.9,23,25.1,7.8,Sutton West
68,Bexley - Brampton,Brampton,10546,43.9,80.4,84.9,17.24824578,20.9,13.1,10.4,1.6,Brampton
69,Westminster - West End,West End,10575,38.1,93.2,99.6,7.914893617,10.9,32.4,56.8,24.2,West End
70,Bexley - Northumberland Heath,Northumberland Heath,10598,50,78.5,82.9,20.61709757,15.1,14.5,9.8,1.9,Northumberland Heath
71,Hillingdon - West Ruislip,West Ruislip,10611,55.8,80.4,85.3,17.85882575,16.8,18,18.4,3.9,West Ruislip
72,Westminster - Little Venice,Little Venice,10633,70,80.2,92.5,17.20116618,9.8,35.6,52.6,19.9,Little Venice
73,Sutton - Nonsuch,Nonsuch,10641,52,81.6,87.4,18.55088807,17.3,15.3,15.7,3.6,Nonsuch
74,Richmond upon Thames - North Richmond,North Richmond,10649,76.4,83.8,86.1,18.65902902,13.1,15.7,28.3,6.8,North Richmond
75,Sutton - Wallington North,Wallington North,10650,77.5,78.9,81.3,19.91549296,12.5,19.6,16.6,4.4,Wallington North
76,Sutton - Beddington South,Beddington South,10667,59.6,76.9,83.7,22.03993625,13.9,28.8,20.1,4.2,Beddington South
77,Newham - Royal Docks,Royal Docks,10679,63.9,80.6,83.1,21.06938852,4,54.1,48.3,18.1,Royal Docks
78,Harrow - Hatch End,Hatch End,10693,55.3,82,84.3,18.68512111,19.8,43.3,33,9.1,Hatch End
79,Merton - Colliers Wood,Colliers Wood,10712,62.9,77.6,83.3,14.1896938,8.1,40.1,47.2,16.3,Colliers Wood
80,Sutton - Stonecot,Stonecot,10712,45.6,78.7,85.2,20.58439134,14.5,20.9,18.1,5.2,Stonecot
81,Waltham Forest - Endlebury,Endlebury,10730,54.9,80.4,84.4,18.61136999,16.9,22.4,17.5,3.8,Endlebury
82,Haringey - Muswell Hill,Muswell Hill,10784,56.3,77.4,81.5,17.87833828,12.1,16.2,26.1,7,Muswell Hill
83,Croydon - New Addington,New Addington,10801,72.7,74.4,80.5,25.80316637,12.7,23.7,13.9,3,New Addington
84,Richmond upon Thames - South Richmond,South Richmond,10820,55.2,78.7,83.6,16.55268022,14,13.1,33,8.5,South Richmond
85,Bexley - Sidcup,Sidcup,10844,43.7,76.4,78.8,15.81519734,20,10.1,10.6,2.2,Sidcup
86,Bexley - East Wickham,East Wickham,10858,71.2,79,84,18.91692761,18,16.9,13.4,3.2,East Wickham
87,Bexley - Danson Park,Danson Park,10864,53.6,79.8,84.3,18.50147275,17.5,16.2,13.2,3.1,Danson Park
88,Camden - Bloomsbury,Bloomsbury,10892,22.1,77.2,81.6,7.133676093,10,40.4,51.2,19.5,Bloomsbury
89,Kingston upon Thames - Grove,Grove,10955,52.9,77.7,88.8,12.86170698,9.4,23.2,31.4,11.2,Grove
90,Camden - Highgate,Highgate,10955,45.9,82.3,84.1,17.81834779,15.2,20.2,27.1,5.5,Highgate
91,Bexley - Christchurch,Christchurch,10965,61.9,77.8,80.9,18.10305518,18.3,13.4,11.5,2.3,Christchurch
92,Sutton - Sutton Central,Sutton Central,10993,78.5,75.7,80.3,18.75739107,11.5,24.1,26.9,99.7,Sutton Central
93,Waltham Forest - Hatch Lane,Hatch Lane,11058,73.8,78.6,82.9,20.29300054,16.1,22.2,16.5,4.4,Hatch Lane
94,Hackney - Brownswood,Brownswood,11091,41,77.9,83.9,14.43512758,6.2,38.2,42.7,18.6,Brownswood
95,Hackney - King's Park,King's Park,11098,66.2,77.2,85.7,25.5541539,9.2,62,43.3,13.4,King's Park
96,Harrow - Rayners Lane,Rayners Lane,11124,64.9,82.1,85,20.63106796,13.9,65.5,48,17.6,Rayners Lane
97,Bexley - Colyers,Colyers,11128,85.7,78.2,80.2,22.18727534,14.5,17.7,12.3,2,Colyers
98,Harrow - Headstone South,Headstone South,11135,73,80,89.5,20.36820835,12,56.5,44.2,15.9,Headstone South
99,Harrow - Kenton East,Kenton East,11138,60.4,78.2,85.9,18.73765488,12.4,73.4,57.1,24.7,Kenton East
100,Harrow - Kenton West,Kenton West,11173,64.8,82,86.6,17.9092455,14.3,72.6,51.3,20.4,Kenton West
101,Merton - Wimbledon Park,Wimbledon Park,11197,81.1,84.7,86.1,21.20210771,8.2,20.4,32.9,8.4,Wimbledon Park
102,Bexley - Cray Meadows,Cray Meadows,11207,61.7,76.9,79.5,20.51396449,17.6,11,9.9,2.3,Cray Meadows
103,Bexley - Crayford,Crayford,11226,64.2,77.4,87.5,21.69071798,14.6,11.7,10,1.9,Crayford
104,Harrow - Stanmore Park,Stanmore Park,11229,67.4,80.2,81.1,17.34793837,22.4,43.3,34.5,8.8,Stanmore Park
105,Merton - Figge's Marsh,Figge's Marsh,11240,114.6,75.9,80.2,23.113879,9.3,57.4,44.9,16.3,Figge's Marsh
106,Westminster - Abbey Road,Abbey Road,11250,68.5,81.5,85.1,17.45777778,14,35.4,56.9,20.4,Abbey Road
107,Camden - Gospel Oak,Gospel Oak,11264,53.7,74.9,82.5,19.60227273,12.2,30.1,34.9,10.4,Gospel Oak
108,Camden - Hampstead Town,Hampstead Town,11270,57.5,82.7,86.6,17.49778172,15.9,20,40.9,10.4,Hampstead Town
109,Waltham Forest - Larkswood,Larkswood,11337,71.4,77.5,83.6,19.97883038,15.3,31.2,21.8,6.3,Larkswood
110,Harrow - Belmont,Belmont,11343,81.1,82.1,85.5,21.2465838,13,58.7,41.6,13.2,Belmont
111,Hounslow - Chiswick Homefields,Chiswick Homefields,11346,52.3,78.7,83.6,18.33245197,11.3,18.8,34,9.8,Chiswick Homefields
112,Bexley - Lesnes Abbey,Lesnes Abbey,11346,75.5,79.6,84.3,20.92367354,15.6,31,23.3,5,Lesnes Abbey
113,Harrow - Harrow Weald,Harrow Weald,11376,65.1,80.6,85.7,19.74331927,17.1,48.3,36.7,10.5,Harrow Weald
114,Harrow - Wealdstone,Wealdstone,11394,94,75.5,81.4,23.42460944,11,62.6,46.9,18.3,Wealdstone
115,Hounslow - Hanworth Park,Hanworth Park,11408,72.7,77.7,82.4,20.46809257,12,30.8,28.5,10.9,Hanworth Park
116,Hounslow - Hounslow South,Hounslow South,11409,60.7,83.6,88.7,19.31100982,12.5,45.1,38.7,13.2,Hounslow South
117,Richmond upon Thames - Kew,Kew,11436,66.7,79,88.4,20.15564883,13.9,15.3,30.2,7.6,Kew
118,Hillingdon - Manor,Manor,11442,53.6,80,83.1,20.24121657,15.7,16,16.2,3.6,Manor
119,Waltham Forest - Valley,Valley,11444,75.2,77.5,80.9,21.14645229,13.4,38.4,25.6,7.9,Valley
120,Hounslow - Turnham Green,Turnham Green,11448,52.2,77.9,83.8,14.98078267,12.9,23.2,39.9,12.8,Turnham Green
121,Merton - Cricket Green,Cricket Green,11474,120,78.5,87,23.31357853,10.8,47.5,39.5,14.5,Cricket Green
122,Croydon - Fieldway,Fieldway,11479,78.1,75.4,78.6,31.10898162,10.1,34.4,19.3,4.1,Fieldway
123,Islington - Clerkenwell,Clerkenwell,11490,29.2,77.6,84.9,12.23672759,8.2,29.3,38.5,12.6,Clerkenwell
124,Redbridge - Church End,Church End,11516,67.5,81.4,84.6,18.23549844,11.9,26.5,22.1,5.8,Church End
125,Hounslow - Chiswick Riverside,Chiswick Riverside,11543,76.7,85.4,82.2,18.75595599,11.8,19.1,30.3,8.9,Chiswick Riverside
126,Redbridge - Wanstead,Wanstead,11543,70.2,79.9,84.3,19.37971065,14.5,30,22.8,5.7,Wanstead
127,Southwark - East Walworth,East Walworth,11557,58.2,74.5,81.9,18.49961063,8.3,51.8,43.8,13.7,East Walworth
128,Hounslow - Feltham North,Feltham North,11563,84.3,73.5,77.3,19.96886621,13.6,38.9,35.7,14.1,Feltham North
129,Bexley - North End,North End,11566,89.6,74,79,26.80269756,10.6,27,18.8,3.3,North End
130,Hillingdon - Northwood Hills,Northwood Hills,11578,76.7,78.9,86,18.86336155,17.5,33.3,27.9,7.1,Northwood Hills
131,Sutton - Wandle Valley,Wandle Valley,11630,79.3,77.3,84.6,24.06706793,9,24.8,19.8,5.7,Wandle Valley
132,Haringey - Highgate,Highgate,11632,50,79.5,85.4,15.3627923,11.7,18.9,31.5,8.2,Highgate
133,Islington - Highbury East,Highbury East,11634,64.2,76.7,80.5,17.019082,9.7,23.5,30.9,9.3,Highbury East
134,Harrow - Edgware,Edgware,11653,91,79.6,83.9,20.28662147,11.4,65.3,56.5,24.8,Edgware
135,Sutton - Worcester Park,Worcester Park,11655,83,81.1,83.7,20.78936079,13.4,20,21.5,6.1,Worcester Park
136,Redbridge - Bridge,Bridge,11658,50,79.4,83.6,20.02916452,13.4,28.1,21.6,6.7,Bridge
137,Hillingdon - Cavendish,Cavendish,11658,59.2,80.6,84,20.62103277,15.7,19.7,16.7,3.7,Cavendish
138,Harrow - Roxeth,Roxeth,11663,69.2,81.6,82.6,22.84146446,11,66.3,48.4,19.8,Roxeth
139,Hackney - Wick,Wick,11734,53.4,74.9,82.7,22.31975456,7.9,51.6,35.1,10.9,Wick
140,Camden - Fortune Green,Fortune Green,11740,52.6,80.7,84.8,15.04258944,9.7,29,43.4,16.1,Fortune Green
141,Haringey - Stroud Green,Stroud Green,11758,40,77,89.9,16.27827862,6.9,25.9,31.3,9,Stroud Green
142,Westminster - Church Street,Church Street,11760,54.3,73.4,76.4,23.16326531,11.4,61.7,52.7,27.2,Church Street
143,Islington - Hillrise,Hillrise,11794,56.8,74.9,80.6,19.24707478,9,33.7,32.9,10.4,Hillrise
144,Haringey - Alexandra,Alexandra,11795,65.8,79.2,83.5,21.61085206,9.9,20.5,26.8,8.5,Alexandra
145,Southwark - College,College,11812,69.5,75.8,81.6,20.40298002,11.7,36.6,30.7,5.3,College
146,Camden - King's Cross,King's Cross,11843,34.1,76.9,81.5,14.50645951,7.2,49.2,50.9,22.4,King's Cross
147,Redbridge - Snaresbrook,Snaresbrook,11865,68.8,77.9,84.8,15.41508639,17.6,30.2,27.2,6.5,Snaresbrook
148,Bexley - Belvedere,Belvedere,11890,78.6,77.9,82.5,22.3549201,12.7,28.4,20.4,5.1,Belvedere
149,Camden - Cantelowes,Cantelowes,11925,46,77.2,82.5,16.18448637,9.1,31.9,35.9,12.6,Cantelowes
150,Hounslow - Isleworth,Isleworth,11977,89.7,74.9,82.9,21.32420473,9.8,34.8,33.8,11.7,Isleworth
151,Havering - Emerson Park,Emerson Park,11977,52.2,78.7,81.3,16.30625365,21.3,17.7,11.4,1.7,Emerson Park
152,Harrow - Queensbury,Queensbury,11984,68.8,77.7,85.2,21.19492657,11.6,75,57.5,26.2,Queensbury
153,Islington - Junction,Junction,12025,40,77,83.3,15.39293139,10.7,30.6,34.7,11.5,Junction
154,Westminster - Harrow Road,Harrow Road,12034,77.5,77.1,92.1,18.89646003,8.5,49,48.2,17.9,Harrow Road
155,Camden - Kilburn,Kilburn,12038,59.4,72,78.9,17.31184582,11.2,40.1,47.9,18.7,Kilburn
156,Redbridge - Roding,Roding,12044,68,80.3,83.8,22.74991697,10.3,37.2,28.2,8.7,Roding
157,Hillingdon - Uxbridge North,Uxbridge North,12048,63.1,77.2,83,17.88678619,15.9,30.2,23.4,5.9,Uxbridge North
158,Bexley - Erith,Erith,12053,106.7,78.3,82.8,23.63726873,11.7,31.4,23.1,5.6,Erith
159,Camden - West Hampstead,West Hampstead,12060,55.6,77.9,83,12.54560531,8.4,30.5,43.3,13.9,West Hampstead
160,Westminster - Regent's Park,Regent's Park,12067,54.1,80.9,83.5,15.29791995,16.3,43.7,59.9,23.7,Regent's Park
161,Islington - Canonbury,Canonbury,12072,50,74.7,84.1,17.33764082,9.7,28.2,29.7,9.1,Canonbury
162,Bexley - Thamesmead East,Thamesmead East,12094,117,77.9,83.8,27.1622292,6.8,52.7,38.1,7.6,Thamesmead East
163,Brent - Kenton,Kenton,12133,57.9,83.7,86.2,16.7229869,17.2,70,53.9,19.6,Kenton
164,Hounslow - Hanworth,Hanworth,12155,85,77.5,87.1,24.20403126,11,32.4,28.9,11.3,Hanworth
165,Hillingdon - Heathrow Villages,Heathrow Villages,12199,86.9,75.8,82.8,20.8213788,9.4,50,43.2,17.1,Heathrow Villages
166,Islington - Barnsbury,Barnsbury,12201,45.1,75,79.5,14.8840259,9.4,28.9,35.5,10.9,Barnsbury
167,Hackney - Clissold,Clissold,12212,60.9,77.1,83.5,18.71110383,6.6,34.7,32,10.6,Clissold
168,Croydon - Coulsdon East,Coulsdon East,12244,65.1,81.8,85.7,19.18490689,19.6,15.4,11.8,1.5,Coulsdon East
169,Bromley - Crystal Palace,Crystal Palace,12255,70.6,75.5,82,19.21664627,7.8,38.1,30.3,8.3,Crystal Palace
170,Harrow - Marlborough,Marlborough,12259,75.1,78.9,84.3,20.69499959,10.6,62.9,51.6,20.2,Marlborough
171,Havering - Hacton,Hacton,12262,45.4,80.6,85.2,16.58783233,19.7,7.3,7.3,1.7,Hacton
172,Harrow - Harrow on the Hill,Harrow on the Hill,12270,78.4,81.2,84.2,20.81499593,11.7,52.6,44.2,15.1,Harrow on the Hill
173,Hackney - Lordship,Lordship,12280,111.6,75.1,84.8,27.45114007,8.4,30.5,31.4,13.1,Lordship
174,Hounslow - Heston Central,Heston Central,12288,80.8,77.2,83.2,20.84147135,10.9,76.6,54.7,23.9,Heston Central
175,Hounslow - Heston East,Heston East,12319,83.5,85.6,86.2,20.38314798,10.5,77.4,56.5,26.1,Heston East
176,Southwark - East Dulwich,East Dulwich,12321,76.7,81.2,82.9,17.52292833,8.7,28.2,25.9,5.6,East Dulwich
177,Hounslow - Cranford,Cranford,12330,117.4,78.4,86.8,21.37875101,10.1,73.9,56.2,26.5,Cranford
178,Hillingdon - South Ruislip,South Ruislip,12364,82.1,77.6,83.8,20.19572954,12.6,27,23.2,7.7,South Ruislip
179,Camden - Haverstock,Haverstock,12364,65.9,76.7,81.4,19.49207376,11.1,37.1,36.3,10.7,Haverstock
180,Kingston upon Thames - Canbury,Canbury,12373,77.1,77.2,81.6,21.70047684,7.9,21.4,27.5,9.5,Canbury
181,Hackney - Springfield,Springfield,12378,126.5,80.2,84.2,33.18791404,6.9,44.9,39.4,18.2,Springfield
182,Haringey - Crouch End,Crouch End,12395,59.1,78.1,82.3,15.86123437,8.9,18,29.2,7.6,Crouch End
183,Southwark - Village,Village,12402,65.5,77.9,81.6,23.73810676,10.9,20.1,22,3.5,Village
184,Harrow - Greenhill,Greenhill,12420,63.3,76.4,82.1,16.82769726,10.4,58.5,52.7,20.7,Greenhill
185,Hounslow - Heston West,Heston West,12438,87.3,79.7,82.5,22.96993086,10.3,76.2,51.1,23.9,Heston West
186,Hackney - Stoke Newington Central,Stoke Newington Central,12445,50.1,74.9,85.9,15.95821615,7,39.9,36.6,13,Stoke Newington Central
187,Westminster - Hyde Park,Hyde Park,12462,46,87.9,91.3,12.74273792,9.9,44.7,64.2,34.1,Hyde Park
188,Havering - Elm Park,Elm Park,12466,63.2,76.9,84.5,17.92074442,19.4,13.7,10.9,2.1,Elm Park
189,Harrow - Canons,Canons,12471,72.9,81.1,87.2,18.36260123,19.6,48.4,40.1,12.5,Canons
190,Haringey - Fortis Green,Fortis Green,12488,49.2,81.5,87.3,21.27642537,11,20.1,27.5,8.3,Fortis Green
191,Greenwich - Eltham North,Eltham North,12519,57.9,77.9,86,18.6117102,16.6,11.3,13.9,3.4,Eltham North
192,Lambeth - Thornton,Thornton,12526,65.8,79,85.2,20.66102507,7.9,40.5,37,10.1,Thornton
193,Havering - Cranham,Cranham,12528,47,80.8,84.5,17.23339719,23.5,5.6,6,1.1,Cranham
194,Greenwich - Eltham South,Eltham South,12541,61.9,77.4,85.8,16.25867156,15.7,16.8,17.5,4.6,Eltham South
195,Hackney - Hackney Central,Hackney Central,12548,68.7,75,80.3,17.59642971,7.7,52.7,40.5,12.8,Hackney Central
196,Hackney - New River,New River,12551,128.2,79.9,82.8,28.88216078,7.7,39.3,40.2,19.4,New River
197,Westminster - Queen's Park,Queen's Park,12563,83.3,76.8,83.8,21.7702778,9.5,52.6,43.3,15.2,Queen's Park
198,Havering - Heaton,Heaton,12570,61.6,76.7,81,21.92521877,16.8,16.3,13,2.5,Heaton
199,Redbridge - Barkingside,Barkingside,12609,68.7,81,85.7,20.27916568,14.8,64.2,40.5,12.8,Barkingside
200,Waltham Forest - Forest,Forest,12609,99.6,77.9,80.7,19.35918788,9.3,58.7,45.7,18.4,Forest
201,Camden - Camden Town with Primrose Hill,Camden Town with Primrose Hill,12613,56.3,79.6,84.4,15.37302783,11.3,26.4,38.8,12.1,Camden Town with Primrose Hill
202,Hillingdon - Charville,Charville,12622,83.5,81.6,86,22.80145777,12.5,43.9,30.1,9.7,Charville
203,Southwark - South Camberwell,South Camberwell,12629,56.9,76.4,84.6,19.68485232,7.1,44.1,35.8,7.7,South Camberwell
204,Redbridge - Fairlop,Fairlop,12630,89.8,80.2,81.1,20.84718923,13.1,34.9,25.1,8.2,Fairlop
205,Havering - Harold Wood,Harold Wood,12650,60.4,79.8,82.6,17.44664032,17.4,10.1,9.4,2.5,Harold Wood
206,Hounslow - Hounslow West,Hounslow West,12658,95.8,76.4,81.5,17.44351398,11.2,75.9,62.6,29.4,Hounslow West
207,Haringey - Hornsey,Hornsey,12659,57.5,74.7,83.2,18.12939411,8.2,31,32.2,10.5,Hornsey
208,Waltham Forest - Cathall,Cathall,12700,79.3,74.9,81.6,21.36220472,6.8,61,50.1,20,Cathall
209,Hounslow - Bedfont,Bedfont,12701,83.9,77.3,80.9,22.23446973,11.2,35.7,31,12.5,Bedfont
210,Camden - Belsize,Belsize,12702,83.4,82.3,83.9,17.44607148,12,27.8,46.3,14,Belsize
211,Enfield - Grange,Grange,12709,60,82.5,86.1,17.60956802,18.8,19.6,22.1,6.4,Grange
212,Westminster - Westbourne,Westbourne,12759,69,73.8,78,21.81989184,9.5,52.8,51.5,24.1,Westbourne
213,Croydon - Sanderstead,Sanderstead,12777,55.7,82.5,84.2,19.55858183,18.5,19.5,13.7,1.7,Sanderstead
214,Redbridge - Cranbrook,Cranbrook,12780,83.3,77.5,83,20.52425665,12.9,75.4,44.5,15.1,Cranbrook
215,Brent - Northwick Park,Northwick Park,12811,39.4,80.7,81.6,16.68878308,13.2,68.8,53.3,19.8,Northwick Park
216,Harrow - Roxbourne,Roxbourne,12828,62.1,75,84.5,24.45431868,9.8,66.3,48.4,20.9,Roxbourne
217,Havering - Upminster,Upminster,12833,38.6,80.1,81.6,16.77705914,22.5,4.8,6.1,0.9,Upminster
218,Southwark - Faraday,Faraday,12839,65.5,78.3,83.5,23.24168549,7,60.7,45.9,14.6,Faraday
219,Lambeth - Clapham Common,Clapham Common,12852,43.3,77.8,82.1,15.60846561,6.8,24.3,33.5,7.6,Clapham Common
220,Greenwich - Blackheath Westcombe,Blackheath Westcombe,12875,69.3,79.4,83.8,16.27961165,15,16.9,23,5.2,Blackheath Westcombe
221,Waltham Forest - Leytonstone,Leytonstone,12879,60,76.8,84,16.42208246,7.5,47.6,42.6,15.4,Leytonstone
222,Camden - Swiss Cottage,Swiss Cottage,12900,68.6,81.6,85,16.48837209,11.6,32.4,51.2,17.8,Swiss Cottage
223,Hillingdon - Hillingdon East,Hillingdon East,12906,83.7,77.6,83.5,23.11328064,11.9,34.4,23.3,6.4,Hillingdon East
224,Redbridge - Fullwell,Fullwell,12910,75.1,78.8,83.2,21.54918668,15.6,48.5,29.6,8,Fullwell
225,Havering - Mawneys,Mawneys,12915,65.3,80.2,89.2,19.41927991,18.1,11.5,9.3,2.5,Mawneys
226,Islington - Mildmay,Mildmay,12917,48.5,76.9,81,18.25501277,7.8,34.5,33.8,10.6,Mildmay
227,Hackney - Hackney Downs,Hackney Downs,12921,67.4,74.9,83.3,18.88398731,7.2,51.7,39.5,15.5,Hackney Downs
228,Tower Hamlets - Bow West,Bow West,12939,60.3,74,80.9,19.25960275,7.8,40.7,32,11.3,Bow West
229,Havering - Hylands,Hylands,12952,43.1,77.8,84.5,17.63434219,16.2,9.7,7.9,1.7,Hylands
230,Redbridge - Hainault,Hainault,12953,80.4,78.1,83.8,23.04485447,14.1,29.8,22.2,7.4,Hainault
231,Havering - Pettits,Pettits,12955,59.6,81,83.9,17.02045542,20.8,8.7,7.4,1.7,Pettits
232,Hillingdon - Yiewsley,Yiewsley,12979,72,74.9,81.1,22.34378612,9.3,33.8,27.7,10,Yiewsley
233,Havering - Havering Park,Havering Park,13000,58,75.3,79,21.26923077,15.9,12,9.1,1.5,Havering Park
234,Enfield - Highlands,Highlands,13006,50.7,81.5,90.5,16.90758112,18.5,20.8,20.9,5.4,Highlands
235,Brent - Brondesbury Park,Brondesbury Park,13023,67.2,80.3,84.7,16.79336558,12.1,43.8,47.2,16.2,Brondesbury Park
236,Redbridge - Goodmayes,Goodmayes,13069,103,79.9,83.2,24.08753539,8,75.2,46.3,18.5,Goodmayes
237,Southwark - Brunswick Park,Brunswick Park,13174,73.3,78.8,90.7,19.65993624,7.1,53.3,40.6,10.7,Brunswick Park
238,Waltham Forest - Higham Hill,Higham Hill,13194,107.4,75.8,88,24.48082462,7.6,51.9,40.3,15.7,Higham Hill
239,Havering - Squirrel's Heath,Squirrel's Heath,13194,63,81.6,89.5,17.76565105,16.3,11.5,9.4,1.3,Squirrel's Heath
240,Westminster - Lancaster Gate,Lancaster Gate,13195,46.5,93.7,88.1,11.59530125,8.4,33.7,64.6,32.2,Lancaster Gate
241,Tower Hamlets - Weavers,Weavers,13206,55.1,78.9,82.2,17.34060276,7,47.9,41.2,16.7,Weavers
242,Croydon - Heathfield,Heathfield,13213,56.9,84.1,83.7,19.04942102,15.9,24.6,16.9,2.8,Heathfield
243,Hackney - Victoria,Victoria,13231,62.9,79.4,86.8,20.64091905,7.4,44.2,34,10.4,Victoria
244,Hackney - Chatham,Chatham,13232,63.2,72.5,81.4,21.95435308,6.9,54.4,41.3,14.4,Chatham
245,Redbridge - Clayhall,Clayhall,13241,63.8,84,85.4,21.90166906,14.3,71,38.8,10.9,Clayhall
246,Waltham Forest - William Morris,William Morris,13269,102.7,77.5,80.7,22.41314342,8,51.8,43.6,16.9,William Morris
247,Haringey - Harringay,Harringay,13272,64,78.4,81.8,14.76793249,7.5,34.5,49.2,24.3,Harringay
248,Islington - Tollington,Tollington,13311,46.2,72.4,80.8,17.72218466,8,35.8,34.5,12.6,Tollington
249,Ealing - Walpole,Walpole,13330,66.8,79,85.5,17.95948987,10.5,27.1,38,14.1,Walpole
250,Tower Hamlets - Mile End East,Mile End East,13354,74.3,73.4,78.7,23.89546203,5.7,66,43.5,20,Mile End East
251,Waltham Forest - Wood Street,Wood Street,13368,102.1,75.3,83.2,23.30191502,9.2,50.4,38.7,14.4,Wood Street
252,Haringey - West Green,West Green,13372,65,75.6,86.2,19.74274604,9.5,47.8,54.6,25.9,West Green
253,Hackney - Cazenove,Cazenove,13392,116.6,74.4,86.7,28.37514934,5.4,43.3,36.4,16.4,Cazenove
254,Enfield - Winchmore Hill,Winchmore Hill,13403,68.8,78.5,81.5,18.42124897,14.9,23.8,27,8.1,Winchmore Hill
255,Newham - Custom House,Custom House,13411,91.8,73.7,77.4,24.05488032,6.6,53.5,46.9,19.6,Custom House
256,Camden - Kentish Town,Kentish Town,13417,55.2,73.5,78.4,15.80084967,9.6,28.4,34.2,10.4,Kentish Town
257,Brent - Dollis Hill,Dollis Hill,13425,81.2,79.8,87.5,25.06517691,11.3,64.3,54.5,22,Dollis Hill
258,Haringey - White Hart Lane,White Hart Lane,13431,73,74.2,79,27.40674559,8.4,52.5,44.6,19.2,White Hart Lane
259,Greenwich - Shooters Hill,Shooters Hill,13433,87.2,78,86.2,20.74741309,12.4,33.5,23.8,5.2,Shooters Hill
260,Southwark - Surrey Docks,Surrey Docks,13435,57.5,85.5,82.9,12.16970599,5.7,30.9,42.7,15.4,Surrey Docks
261,Ealing - Southall Broadway,Southall Broadway,13439,103.1,81.2,82.4,21.18461195,10.5,93.7,64.1,36,Southall Broadway
262,Brent - Fryent,Fryent,13445,94,82.2,90.2,20.86277427,11.8,62.7,55.9,21.9,Fryent
263,Croydon - Coulsdon West,Coulsdon West,13449,58.7,80,82.8,20.10558406,15.3,25.2,16.9,2.4,Coulsdon West
264,Hillingdon - Barnhill,Barnhill,13449,75.1,75.6,82.5,24.32151089,9.6,68.4,45.4,19,Barnhill
265,Ealing - Southfield,Southfield,13474,74.3,80.7,86.7,17.30740686,10,20.8,36.2,10.7,Southfield
266,Ealing - Northfield,Northfield,13517,63.4,84.2,85.2,18.82814234,11,23.2,36.2,11.1,Northfield
267,Southwark - Peckham Rye,Peckham Rye,13518,75.6,75.6,81.2,20.29146323,8,35.8,28.8,5.9,Peckham Rye
268,Camden - Regent's Park,Regent's Park,13528,53.5,74.8,83.8,15.91513897,9.6,44.3,45.2,15.6,Regent's Park
269,Havering - South Hornchurch,South Hornchurch,13544,63.2,76.9,81.8,21.03514471,16.6,16.4,11.8,2.5,South Hornchurch
270,Hounslow - Syon,Syon,13554,80.3,73,79.4,19.13826177,9.5,34.2,36.7,13.5,Syon
271,Hillingdon - Yeading,Yeading,13586,105.9,78.4,82.4,25.81333726,7.6,64.1,42.7,17.4,Yeading
272,Southwark - Nunhead,Nunhead,13620,70.4,71.2,77.3,19.61820852,8.9,55.5,39,9.1,Nunhead
273,Waltham Forest - Markhouse,Markhouse,13636,97.6,75.9,78,23.16661778,7.8,58.2,45.8,19,Markhouse
274,Lambeth - Thurlow Park,Thurlow Park,13641,61.1,76.8,84,21.06150575,8.8,36.3,30.3,8.7,Thurlow Park
275,Hackney - De Beauvoir,De Beauvoir,13643,53.7,77.7,81.5,16.1034963,7,39.9,37.8,11.7,De Beauvoir
276,Hackney - Queensbridge,Queensbridge,13670,69.8,75.9,82.6,17.54206291,8.2,44.7,38.3,11.8,Queensbridge
277,Redbridge - Mayfield,Mayfield,13672,111.4,78.1,82.9,24.2612639,11.6,73.3,41.1,13.5,Mayfield
278,Tower Hamlets - Bethnal Green North,Bethnal Green North,13683,54.5,73.6,78.6,18.55587225,7,49.4,38.7,15,Bethnal Green North
279,Lambeth - Gipsy Hill,Gipsy Hill,13712,70.1,77.2,83,22.49124854,8.1,44.9,30.6,7.7,Gipsy Hill
280,Haringey - Bounds Green,Bounds Green,13725,61.9,74.2,81.6,18.67395264,9.2,39.8,48.5,21.5,Bounds Green
281,Southwark - Rotherhithe,Rotherhithe,13743,54.8,76.3,79.2,17.23786655,7.4,40.9,43.4,15.2,Rotherhithe
282,Brent - Welsh Harp,Welsh Harp,13753,85,81.2,88.5,21.34806951,11.4,61.3,55,22.9,Welsh Harp
283,Enfield - Chase,Chase,13762,63.5,76.8,80.8,22.19154193,13.2,23.4,21,7,Chase
284,Southwark - South Bermondsey,South Bermondsey,13780,60.5,77.2,81.1,20.52975327,7.2,44.8,41.1,14.6,South Bermondsey
285,Enfield - Southgate Green,Southgate Green,13787,57.8,78.2,85.2,18.11126423,15.3,33.2,36.2,14,Southgate Green
286,Enfield - Cockfosters,Cockfosters,13788,46.1,81.5,86.8,17.2251233,19,26.3,30.5,9.5,Cockfosters
287,Lambeth - Clapham Town,Clapham Town,13795,37.9,75.5,81.7,14.59224357,7.3,29.3,35.2,7.8,Clapham Town
288,Waltham Forest - Cann Hall,Cann Hall,13799,106.8,77,81.3,21.68997753,7.1,57,48.8,18.2,Cann Hall
289,Hillingdon - Brunel,Brunel,13841,47.2,78.2,83.4,15.5263348,11.1,38.2,29.3,9.8,Brunel
290,Newham - East Ham North,East Ham North,13866,92.8,71.3,76.9,21.87364777,7.9,90.8,60.2,31.5,East Ham North
291,Islington - Caledonian,Caledonian,13896,49.2,75.5,81.9,15.24899252,9,34.7,37.3,14.4,Caledonian
292,Ealing - Lady Margaret,Lady Margaret,13897,91.3,78.2,81.9,20.19860402,11,83.5,55.9,25.2,Lady Margaret
293,Hackney - Haggerston,Haggerston,13904,39.8,73.8,84.1,15.98820483,5.7,45.6,45.9,17.4,Haggerston
294,Ealing - Dormers Wells,Dormers Wells,13910,76.8,77,82.3,22.39396118,11.6,82.1,56,29.1,Dormers Wells
295,Waltham Forest - Hoe Street,Hoe Street,13912,79.1,75.9,81.7,21.07533065,8.8,49.9,42.8,17.2,Hoe Street
296,Enfield - Bush Hill Park,Bush Hill Park,13923,61.1,79.6,84,18.02054155,17.2,26.8,25.7,7.7,Bush Hill Park
297,Haringey - Noel Park,Noel Park,13939,53,74.8,84.7,19.09749623,8.5,45.2,51.7,25.4,Noel Park
298,Hillingdon - Uxbridge South,Uxbridge South,13979,36.6,75.1,81.8,13.26275127,9.6,37.9,30.9,10,Uxbridge South
299,Brent - Alperton,Alperton,14017,87.6,76.7,87,19.00549333,9.5,81.8,66.8,32.3,Alperton
300,Ealing - Ealing Common,Ealing Common,14019,49.6,77,86.3,15.22219844,11.3,31.5,43.1,15.4,Ealing Common
301,Ealing - Ealing Broadway,Ealing Broadway,14029,49.7,79.7,85,14.54843538,11.9,30.5,44.3,18.6,Ealing Broadway
302,Ealing - Norwood Green,Norwood Green,14032,70.7,78.2,79.9,20.62428734,10.7,78,50.7,25.6,Norwood Green
303,Hackney - Leabridge,Leabridge,14039,71.9,73.7,78.1,21.09124582,7,52.7,40.7,17.3,Leabridge
304,Lewisham - Blackheath,Blackheath,14039,56.8,77.4,82.4,18.38450032,10.9,30.2,29.3,7.4,Blackheath
305,Greenwich - Peninsula,Peninsula,14051,68.2,74.6,85.1,16.92406234,8.3,30.6,33,10.4,Peninsula
306,Enfield - Bowes,Bowes,14051,85.4,78.5,83.8,17.24432425,10.6,38.6,47.5,23.3,Bowes
307,Waltham Forest - Chapel End,Chapel End,14086,103.4,75.8,86.7,24.11614369,8,48.5,36.9,14.1,Chapel End
308,Hillingdon - Townfield,Townfield,14106,94.6,74.8,79.4,23.1958032,9.8,62.9,44.7,18.1,Townfield
309,Redbridge - Valentines,Valentines,14123,99.7,75.9,86.4,24.03172131,8.7,77.6,50.3,21,Valentines
310,Waltham Forest - High Street,High Street,14127,97.4,78.4,81.7,19.50874213,7.6,50.7,44.4,18,High Street
311,Southwark - Livesey,Livesey,14129,80,77,81.5,23.56854696,9.1,62.2,44.3,11.9,Livesey
312,Southwark - Newington,Newington,14136,48.1,77.5,83.2,17.28211658,8.5,48.2,42.5,13.6,Newington
313,Lambeth - Vassall,Vassall,14143,47.1,74.3,82.1,18.01597964,7.2,52.7,40,12.1,Vassall
314,Wandsworth - Shaftesbury,Shaftesbury,14160,51,80.8,84.9,12.71892655,7.7,18.8,29,5.7,Shaftesbury
315,Tower Hamlets - Bethnal Green South,Bethnal Green South,14166,51,77.1,87.3,19.70916278,5.3,64.3,45.5,23.1,Bethnal Green South
316,Waltham Forest - Leyton,Leyton,14184,83.6,79,80.7,24.28087986,7.4,63.5,48.8,20.8,Leyton
317,Ealing - Hobbayne,Hobbayne,14229,77.7,77.5,86,22.60172886,11.3,37.7,40.7,17.2,Hobbayne
318,Lewisham - Whitefoot,Whitefoot,14249,71.4,77.5,82.7,25.7912836,11.3,50.5,29.5,6.8,Whitefoot
319,Redbridge - Chadwell,Chadwell,14257,90.5,77.9,81.8,24.66858385,10.3,56.9,31.6,9.9,Chadwell
320,Lambeth - Prince's,Prince's,14262,65.9,74.5,81.5,16.89805076,9.3,43.4,38.5,12.4,Prince's
321,Lambeth - Streatham Hill,Streatham Hill,14263,57.1,76.4,79.9,18.32012901,8.4,37.9,37.8,12.4,Streatham Hill
322,Croydon - Shirley,Shirley,14296,71.4,83,85.4,20.62814773,16.7,30.9,19.7,3.9,Shirley
323,Greenwich - Kidbrooke with Hornfair,Kidbrooke with Hornfair,14300,73.2,76.2,84.1,20.32167832,11.9,33.6,27.3,7.6,Kidbrooke with Hornfair
324,Lambeth - Streatham South,Streatham South,14336,69.3,81.3,84.5,20.66824777,10.9,52.5,44.5,15.8,Streatham South
325,Ealing - Greenford Green,Greenford Green,14349,94.4,79,84,20.96313332,11.9,49,50.1,21.9,Greenford Green
326,Hounslow - Brentford,Brentford,14353,62.7,76.7,85.7,17.91263151,9.9,33.9,38.3,15,Brentford
327,Enfield - Jubilee,Jubilee,14355,92,77.2,82.2,23.79658656,11.9,50.9,40.8,16.9,Jubilee
328,Islington - Finsbury Park,Finsbury Park,14358,46.8,74.2,78.8,18.41482101,8.5,42.9,41.6,17.5,Finsbury Park
329,Hillingdon - West Drayton,West Drayton,14370,77.9,75.3,81.9,22.75574113,11.5,33.5,27.6,9.2,West Drayton
330,Enfield - Turkey Street,Turkey Street,14377,74.1,76.2,81.4,25.51297211,11.5,37.9,31,14.1,Turkey Street
331,Greenwich - Charlton,Charlton,14385,89.3,74.1,79.9,21.81438999,10.7,36.2,31,9.4,Charlton
332,Southwark - Riverside,Riverside,14390,50,78,80.8,12.44614315,6.4,31.2,40.5,12.7,Riverside
333,Enfield - Southgate,Southgate,14454,67,81.1,85.4,18.83907569,14.1,31.6,33.2,11.7,Southgate
334,Tower Hamlets - Bromley-by-Bow,Bromley-by-Bow,14480,80.8,76.3,83,26.73342541,5.8,70.4,43.5,22,Bromley-by-Bow
335,Haringey - Bruce Grove,Bruce Grove,14483,83.9,75.2,83,22.46081613,8.4,55.9,55.5,23.5,Bruce Grove
336,Enfield - Southbury,Southbury,14506,87.5,79.6,81.3,24.98276575,9.5,36.2,30.2,12,Southbury
337,Haringey - Woodside,Woodside,14514,59,74,84.4,19.18836985,8.5,43.2,54.2,25.6,Woodside
338,Lewisham - Ladywell,Ladywell,14515,63.6,74.5,79.2,18.32586979,8.9,45.4,35.4,9.4,Ladywell
339,Ealing - Elthorne,Elthorne,14539,71.4,74.8,85.5,19.69874132,9.7,34.9,40.6,16.9,Elthorne
340,Redbridge - Aldborough,Aldborough,14544,69.2,77.4,82.2,23.00605061,12.4,61.3,38.4,12.8,Aldborough
341,Ealing - Cleveland,Cleveland,14558,59.1,76.8,85.9,21.70627833,11.9,36.9,39.6,15.1,Cleveland
342,Lewisham - Downham,Downham,14567,66.7,74.3,81.8,24.70652845,12.7,41.7,24.8,6.2,Downham
343,Lewisham - Lee Green,Lee Green,14573,78,77.1,81.2,19.30968229,10.9,33.7,28.9,8.1,Lee Green
344,Wandsworth - Bedford,Bedford,14575,51.1,78.2,82.6,14.64150943,7.5,27.6,30.3,8.3,Bedford
345,Ealing - Southall Green,Southall Green,14579,111.7,75.9,87.1,22.3266342,8.2,91.4,63.3,36.7,Southall Green
346,Haringey - Tottenham Green,Tottenham Green,14580,64.6,72.5,82.8,20.41838134,8.2,52.8,55,25.8,Tottenham Green
347,Waltham Forest - Grove Green,Grove Green,14604,80.5,74.4,80.8,19.04272802,7.1,53.2,53,21.2,Grove Green
348,Croydon - Purley,Purley,14607,79.6,79.6,83.6,19.46327103,15,31.6,23.1,5,Purley
349,Wandsworth - Fairfield,Fairfield,14613,46.2,77.2,80.3,12.67364675,6.7,22.1,32.5,7.1,Fairfield
350,Islington - Bunhill,Bunhill,14639,44.5,75.5,82.1,13.45037229,7.9,34.5,41.9,16.6,Bunhill
351,Lewisham - Grove Park,Grove Park,14648,66.4,77.2,82.2,20.82878209,12.6,37.5,26.9,7,Grove Park
352,Redbridge - Clementswood,Clementswood,14666,93.1,76.7,81.2,26.63984727,7.4,84.2,55.6,25.1,Clementswood
353,Wandsworth - Nightingale,Nightingale,14679,63.3,75.3,79.2,16.20682608,9.5,21.4,27.7,6.7,Nightingale
354,Havering - Gooshays,Gooshays,14692,68.6,76.3,80.4,23.23713586,12.9,12.8,10.7,2.6,Gooshays
355,Ealing - North Greenford,North Greenford,14713,87.7,79.8,87.4,20.28818052,11.4,56.4,51.4,22.1,North Greenford
356,Southwark - Peckham,Peckham,14720,89,75.8,77.8,24.26630435,6.2,70.8,47.6,12.3,Peckham
357,Croydon - Ashburton,Ashburton,14721,60,78.5,82.3,21.77841179,13.2,36.7,22.3,4.8,Ashburton
358,Brent - Wembley Central,Wembley Central,14727,88.1,76.8,88.2,18.21144836,9.7,86,68.5,32.9,Wembley Central
359,Hounslow - Hounslow Heath,Hounslow Heath,14727,97.2,76,87.6,23.11400828,7.8,72.6,58,27.7,Hounslow Heath
360,Hackney - Dalston,Dalston,14727,57.2,80.9,79.8,16.45956407,6.2,44.5,40.8,14,Dalston
361,Wandsworth - West Putney,West Putney,14742,50.4,75.6,79.9,17.79948447,13.3,22.9,34.4,9.5,West Putney
362,Wandsworth - Balham,Balham,14751,59.5,79.3,84.4,15.68707206,7.8,19.4,28.5,6.5,Balham
363,Lambeth - Knight's Hill,Knight's Hill,14763,73.7,74.4,79.4,23.24730746,9,47.7,35.3,11.6,Knight's Hill
364,Hillingdon - Pinkwell,Pinkwell,14767,94.4,74.5,86.2,26.33574863,8.6,68.2,45.3,18.5,Pinkwell
365,Lewisham - Bellingham,Bellingham,14775,76.6,75.2,79.1,25.15736041,10.2,51.3,29.6,6.2,Bellingham
366,Tower Hamlets - Bow East,Bow East,14781,64.2,71.3,80.8,17.46160612,7.4,39.9,30.9,10.9,Bow East
367,Newham - Canning Town North,Canning Town North,14810,72.4,74.6,75.9,22.95746117,7.7,59.2,47.9,18.6,Canning Town North
368,Bromley - Chislehurst,Chislehurst,14831,59.7,81.2,83,17.98260401,21.5,12,12.7,1.9,Chislehurst
369,Wandsworth - Thamesfield,Thamesfield,14842,63.7,81.4,82.9,15.17315726,8.8,12.3,31.4,5.8,Thamesfield
370,Newham - Wall End,Wall End,14846,89,78.6,80.3,25.23912165,6.5,82.2,59.8,29.7,Wall End
371,Lewisham - Forest Hill,Forest Hill,14854,74.1,76.5,80.4,21.11889053,10,38.2,31.1,8.2,Forest Hill
372,Tower Hamlets - Whitechapel,Whitechapel,14862,66.9,73.6,83.2,16.37060961,5.6,60.2,48.8,24.8,Whitechapel
373,Ealing - South Acton,South Acton,14873,62.9,76.4,79.8,20.45317017,11.1,43.5,50.5,23.4,South Acton
374,Bromley - West Wickham,West Wickham,14884,52.2,80.9,84.7,19.853534,19.7,10.6,9.7,1.3,West Wickham
375,Enfield - Town,Town,14906,61.6,79.9,83.8,20.17308466,14.9,18,17.1,4.4,Town
376,Lambeth - Streatham Wells,Streatham Wells,14906,68.6,75.4,77.7,19.32778747,8.3,43.1,41.2,14.2,Streatham Wells
377,Brent - Kensal Green,Kensal Green,14915,94.6,76.7,83.1,19.5507878,9,52.3,50.2,21.9,Kensal Green
378,Lewisham - Rushey Green,Rushey Green,14916,78.2,75.2,80.1,22.03673907,9,59.1,38,10.2,Rushey Green
379,Lewisham - Crofton Park,Crofton Park,14937,84.4,78.5,86.4,19.53538194,9.1,39.6,30.1,7,Crofton Park
380,Wandsworth - Northcote,Northcote,14940,72.9,80.1,81.1,19.03614458,6,14.9,28.9,5.7,Northcote
381,Southwark - Cathedrals,Cathedrals,14941,26.6,75,93.3,10.68870892,7.4,38.4,40,10.4,Cathedrals
382,Brent - Sudbury,Sudbury,14950,115,80.5,84.8,20.66220736,10.5,77.3,62.2,28.4,Sudbury
383,Havering - Brooklands,Brooklands,14957,67.1,73.8,77.7,21.0670589,13.5,22.3,17.4,4.4,Brooklands
384,Croydon - Kenley,Kenley,14966,76,78,80.7,20.76039022,14.9,23.2,17.9,3,Kenley
385,Islington - Holloway,Holloway,14983,35,72.8,81.1,15.57765468,8.2,36.1,39.6,14.9,Holloway
386,Wandsworth - East Putney,East Putney,15022,45.7,80.7,85.1,13.273865,11,20.6,39.4,9.3,East Putney
387,Islington - Highbury West,Highbury West,15030,54.4,75.3,85.1,15.18962076,6.7,32.1,34.5,12.8,Highbury West
388,Southwark - Camberwell Green,Camberwell Green,15032,69.6,74.4,85.1,21.18813199,7.4,61.1,46.8,13.4,Camberwell Green
389,Lambeth - Ferndale,Ferndale,15032,37.5,74.8,82.6,12.55987227,6.2,40.4,41.7,11.8,Ferndale
390,Hillingdon - Botwell,Botwell,15034,94.5,75.6,82,24.96341626,9.1,60.2,42.7,17.9,Botwell
391,Brent - Dudden Hill,Dudden Hill,15059,76,85.3,88.1,20.39976094,9.7,55.9,56.2,23.8,Dudden Hill
392,Haringey - Tottenham Hale,Tottenham Hale,15064,69.1,75.7,78.3,23.64577801,7.8,57.4,53.5,22.3,Tottenham Hale
393,Bromley - Bickley,Bickley,15098,57.7,78.3,81.5,19.22108889,19.8,14.5,15.7,2.7,Bickley
394,Brent - Tokyngton,Tokyngton,15105,99.6,80.5,86.6,18.41774247,11.3,76.3,62.9,26.6,Tokyngton
395,Lambeth - Oval,Oval,15106,42.1,77.1,79.8,13.9944393,7.2,36.9,42.6,15,Oval
396,Lambeth - Herne Hill,Herne Hill,15107,67.3,74.3,82.8,18.36896803,7.2,39.6,35.3,10.8,Herne Hill
397,Tower Hamlets - Shadwell,Shadwell,15110,78.3,81,95.2,22.38914626,6.3,64.4,45.1,23.2,Shadwell
398,Newham - Green Street West,Green Street West,15113,86.8,80.7,86.6,21.01502018,7.4,89.3,61.1,32.7,Green Street West
399,Ealing - Northolt West End,Northolt West End,15121,102.2,78.6,86,25.55386549,9.8,55.1,41.5,18.6,Northolt West End
400,Newham - Beckton,Beckton,15141,55.1,81.9,82.6,21.99326332,4.8,54.2,49.7,23.5,Beckton
401,Brent - Queensbury,Queensbury,15155,73.2,85.1,85.8,20.08578027,12.2,72.9,57.7,24.1,Queensbury
402,Barnet - Totteridge,Totteridge,15159,68.7,80.3,83,20.10686721,16.8,34.3,37.6,13.7,Totteridge
403,Enfield - Palmers Green,Palmers Green,15162,64.8,78.9,83.3,18.84316053,13.3,35.4,41.4,18.1,Palmers Green
404,Redbridge - Seven Kings,Seven Kings,15164,82.3,78,79.7,24.21524664,9.2,76.7,47.6,19.3,Seven Kings
405,Hounslow - Hounslow Central,Hounslow Central,15169,81.6,78.5,87,18.53121498,9.5,70.7,64.5,29.5,Hounslow Central
406,Hackney - Hoxton,Hoxton,15174,47.7,77.9,84,15.86265981,6.2,46.5,44.8,16.6,Hoxton
407,Southwark - Chaucer,Chaucer,15178,36.3,88.5,97.5,14.8240875,5.2,49.9,45.2,13.3,Chaucer
408,Ealing - Northolt Mandeville,Northolt Mandeville,15183,91.7,77.6,85,23.50655338,10.7,51.7,44.1,19.5,Northolt Mandeville
409,Wandsworth - Graveney,Graveney,15198,63.8,76.9,84,17.87077247,8.8,46.4,42.4,14.4,Graveney
410,Lewisham - Catford South,Catford South,15214,68.9,77.4,81.4,21.4670698,11.3,56.2,32.2,7.1,Catford South
411,Wandsworth - Wandsworth Common,Wandsworth Common,15247,72.8,76.7,79.6,18.69220174,8.1,17.8,25.7,4.5,Wandsworth Common
412,Brent - Queens Park,Queens Park,15281,76.3,80.4,87.9,17.98311629,8.6,37,41.9,14.4,Queens Park
413,Barnet - High Barnet,High Barnet,15307,56.5,78.2,82.3,18.45560855,16.5,18.3,22.1,6.3,High Barnet
414,Bromley - Orpington,Orpington,15311,57,79.1,84.6,19.16269349,21.2,12.6,11.9,2.3,Orpington
415,Newham - Manor Park,Manor Park,15318,97.6,75.3,79.5,23.5082909,7.1,81.5,56.2,27.6,Manor Park
416,Ealing - Perivale,Perivale,15339,88.3,82.6,87,20.12517113,11,54.6,55.4,26.7,Perivale
417,Wandsworth - Latchmere,Latchmere,15358,59.1,73,81.5,18.96080219,8.5,44.5,39.7,11.5,Latchmere
418,Southwark - Grange,Grange,15362,59.7,77.9,81.1,14.10623617,6.5,39.1,38.3,10.8,Grange
419,Bromley - Copers Cope,Copers Cope,15392,61.5,77.4,82.4,13.16917879,16.8,17.4,20.3,4.6,Copers Cope
420,Ealing - Acton Central,Acton Central,15427,75.1,81.3,90.7,19.66033577,9.6,40,48.3,21,Acton Central
421,Bromley - Cray Valley East,Cray Valley East,15445,70.1,77.6,81.1,22.1819359,15.9,14.6,12.3,2.5,Cray Valley East
422,Wandsworth - Earlsfield,Earlsfield,15448,68.1,76.1,84.2,14.95986535,6.7,27.7,33.4,8.2,Earlsfield
423,Newham - Plaistow North,Plaistow North,15470,96,75.3,82.2,23.60051713,7.1,73.4,52.1,23.6,Plaistow North
424,Brent - Preston,Preston,15474,100.4,80.1,86.2,20.4278144,12.4,70,57.3,22.8,Preston
425,Wandsworth - Furzedown,Furzedown,15504,74.2,77.2,81.4,22.04592363,9.8,43.1,36.7,12.9,Furzedown
426,Brent - Mapesbury,Mapesbury,15529,72.6,78.6,86,16.06671389,8.3,43.4,52.3,21.3,Mapesbury
427,Hounslow - Feltham West,Feltham West,15541,93.6,77.1,82.7,24.99195676,6.3,35.5,32.3,14.2,Feltham West
428,Newham - West Ham,West Ham,15551,64.1,77.2,80.9,21.59989711,7,65.5,51.2,22.1,West Ham
429,Bromley - Clock House,Clock House,15560,77.7,78.8,84.7,19.78791774,11.5,20.6,17.3,3.9,Clock House
430,Ealing - Hanger Hill,Hanger Hill,15561,71.1,83.2,88.2,18.97050318,12.8,43.1,53.1,23.8,Hanger Hill
431,Southwark - The Lane,The Lane,15565,87.8,74.5,83.8,19.83938323,9.1,50.7,37.7,8.5,The Lane
432,Newham - East Ham South,East Ham South,15575,100,74.9,80.2,27.85232745,7.4,67.7,46.6,19.7,East Ham South
433,Brent - Willesden Green,Willesden Green,15587,54.4,78.2,88.1,19.1634054,7.6,52.7,56.3,25.9,Willesden Green
434,Lewisham - Sydenham,Sydenham,15605,71.8,75.4,80.3,20.16661326,11.9,41.8,30.2,7.1,Sydenham
435,Lewisham - Perry Vale,Perry Vale,15618,73.5,76.2,80.8,20.68766808,9.6,42.5,30.5,7.2,Perry Vale
436,Enfield - Ponders End,Ponders End,15664,61.6,77.6,80.8,25.90015322,9.1,54.6,43.5,19,Ponders End
437,Waltham Forest - Lea Bridge,Lea Bridge,15671,107,73.2,77.7,23.89126412,8.4,64.8,50.4,21.2,Lea Bridge
438,Greenwich - Abbey Wood,Abbey Wood,15704,105.3,74.3,81.1,26.85303107,9.6,46.3,32,7.6,Abbey Wood
439,Barnet - Finchley Church End,Finchley Church End,15715,72.1,82.4,86.3,18.75278396,16.5,33.1,40.9,14.5,Finchley Church End
440,Lewisham - New Cross,New Cross,15756,74.9,73.7,78.2,20.1891343,5.9,59.7,46.6,15.3,New Cross
441,Lambeth - Tulse Hill,Tulse Hill,15771,63.2,77.4,81.4,21.02593368,6.6,52.6,38.6,11.3,Tulse Hill
442,Brent - Barnhill,Barnhill,15772,79,79.6,82.7,20.87877251,12.3,69.7,56.5,22.9,Barnhill
443,Croydon - Croham,Croham,15790,77.8,78.9,83.3,18.24572514,12,31.3,24.3,6.5,Croham
444,Barnet - Oakleigh,Oakleigh,15811,72.5,78.9,84.3,19.10062615,16.4,26.7,28.5,8.6,Oakleigh
445,Lambeth - Brixton Hill,Brixton Hill,15842,44.5,74.8,78.4,15.70508774,7,41.5,37.4,11.1,Brixton Hill
446,Newham - Green Street East,Green Street East,15885,96.4,81.9,83,22.2599937,5.7,89.9,62.2,33.2,Green Street East
447,Barnet - Underhill,Underhill,15915,48.9,78.2,82.6,20.57178762,16.2,27.3,25.4,6.9,Underhill
448,Newham - East Ham Central,East Ham Central,15917,104.2,75.1,81.7,22.45398002,7.1,81.9,61.4,29.1,East Ham Central
449,Havering - Romford Town,Romford Town,15921,70,76.4,81,17.67476917,14,16.4,16.6,5.6,Romford Town
450,Barnet - Garden Suburb,Garden Suburb,15929,73.5,82.7,87.3,20.36537134,16.3,21.4,36,10.9,Garden Suburb
451,Haringey - Seven Sisters,Seven Sisters,15968,90.7,77.6,89.3,27.04158317,7.3,41.2,49.1,22.5,Seven Sisters
452,Newham - Boleyn,Boleyn,15982,89,75.6,82.4,24.94055813,7.5,78.1,54.8,26.4,Boleyn
453,Tower Hamlets - Limehouse,Limehouse,15986,70.3,77,79.3,22.27574127,6.2,56.8,43.8,19.7,Limehouse
454,Barnet - East Finchley,East Finchley,15989,67.8,79.3,84.9,18.86922259,13,28.2,34.4,10.4,East Finchley
455,Newham - Canning Town South,Canning Town South,15996,59.8,74.5,85.9,21.08652163,7.1,54.5,47.5,19.9,Canning Town South
456,Enfield - Enfield Highway,Enfield Highway,16027,70.6,78.1,86.2,26.25569352,10.3,42.2,34.3,14.5,Enfield Highway
457,Croydon - Upper Norwood,Upper Norwood,16082,82.2,78.1,82.8,20.99241388,11,51.3,33.9,9,Upper Norwood
458,Wandsworth - Roehampton,Roehampton,16132,48.3,74.1,81.2,18.45400446,10.5,34.5,38.6,15.5,Roehampton
459,Barnet - East Barnet,East Barnet,16137,65.8,80.5,84.5,20.72256305,13.7,23.4,23.4,7.2,East Barnet
460,Croydon - Bensham Manor,Bensham Manor,16201,90.1,80.9,84.3,23.06030492,9.8,73.5,45.3,12.9,Bensham Manor
461,Wandsworth - Tooting,Tooting,16239,57.3,76,79.7,17.90750662,9,52.7,45.4,15.2,Tooting
462,Wandsworth - Southfields,Southfields,16256,70,78.9,89.8,18.50393701,7.7,24.4,34.8,9,Southfields
463,Newham - Forest Gate North,Forest Gate North,16257,69.6,74.2,79.8,21.27083718,6.9,64.1,50.5,21,Forest Gate North
464,Enfield - Haselbury,Haselbury,16263,83.4,81,83.4,25.41966427,9.3,54.3,46,22.1,Haselbury
465,Wandsworth - Queenstown,Queenstown,16331,42,76.9,84.6,14.18774111,7.8,35.7,42.4,15.4,Queenstown
466,Barnet - Brunswick Park,Brunswick Park,16394,55.2,83.8,83.2,20.6233988,14.4,31.6,30.9,10.2,Brunswick Park
467,Wandsworth - West Hill,West Hill,16402,56.1,75.8,78.3,18.84526277,9.5,31.7,43.5,13.5,West Hill
468,Newham - Plaistow South,Plaistow South,16404,102.3,75.4,83.4,25.10972933,6.6,67.3,51.7,21.9,Plaistow South
469,Lewisham - Telegraph Hill,Telegraph Hill,16414,53.8,76.4,78.8,19.53210674,7,49.4,36.9,10.9,Telegraph Hill
470,Enfield - Enfield Lock,Enfield Lock,16469,91.1,76.4,79.1,27.28763131,8.2,45.1,33.8,14,Enfield Lock
471,Croydon - Norbury,Norbury,16476,73.7,81.5,82.8,21.01845108,13.4,62.3,43.6,13,Norbury
472,Croydon - South Norwood,South Norwood,16518,75.6,75.6,84.4,21.29797796,9.9,52.3,32.1,8.2,South Norwood
473,Greenwich - Greenwich West,Greenwich West,16527,64.3,75.6,82.1,17.43208084,7.7,33.3,34.8,9.7,Greenwich West
474,Enfield - Lower Edmonton,Lower Edmonton,16531,111.2,75.7,79.8,27.45145484,9.2,58.9,46.1,19.5,Lower Edmonton
475,Barnet - West Finchley,West Finchley,16533,64.6,79.9,81.6,17.55882175,12.5,39.2,44.7,19,West Finchley
476,Croydon - Thornton Heath,Thornton Heath,16539,87.1,75.6,82.8,25.02569684,9.1,67.1,37.6,9.4,Thornton Heath
477,Croydon - Fairfield,Fairfield,16569,74.2,79.2,80.9,17.58706017,11.7,48.7,42.3,13.7,Fairfield
478,Lewisham - Evelyn,Evelyn,16603,65.5,76.7,84,23.20062639,6,60.9,44.8,16,Evelyn
479,Newham - Little Ilford,Little Ilford,16633,107.8,71.2,78.9,27.78211988,6.7,82,54.5,27.3,Little Ilford
480,Barnet - Edgware,Edgware,16728,76.4,80.1,83.6,23.32018173,13.8,39.2,37.4,12.1,Edgware
481,Greenwich - Plumstead,Plumstead,16736,106.6,74,83.3,23.35683556,8.6,55.4,41.7,14.6,Plumstead
482,Croydon - Woodside,Woodside,16743,75.4,79.3,80.6,24.3863107,7.9,55.1,28.4,6.3,Woodside
483,Redbridge - Newbury,Newbury,16760,84.5,78.8,83.8,25.44749403,9.1,77.2,47.5,17.6,Newbury
484,Bromley - Cray Valley West,Cray Valley West,16769,68.2,76.6,82.6,23.62693065,14.9,13.9,10.9,2.5,Cray Valley West
485,Lambeth - Coldharbour,Coldharbour,16784,63,73.1,80,21.5622021,6.1,62.1,43.7,13.3,Coldharbour
486,Bromley - Bromley Town,Bromley Town,16826,73.4,78,81.1,19.3510044,13.9,18.5,19.9,4.9,Bromley Town
487,Croydon - Addiscombe,Addiscombe,16883,64.9,76.8,81.4,18.68151395,9.7,43.6,34.5,10.2,Addiscombe
488,Brent - Stonebridge,Stonebridge,16903,72.6,75.1,87.9,28.19026208,8.7,76.5,48.8,17.2,Stonebridge
489,Brent - Kilburn,Kilburn,16989,81.4,76.2,84.2,18.60027076,8.6,50,48.1,18.4,Kilburn
490,Croydon - Waddon,Waddon,17077,74.1,74.8,80.1,22.27557534,11,44.6,30.1,8.9,Waddon
491,Barnet - Colindale,Colindale,17098,68.6,76.4,84.6,22.23067025,8.4,59.9,52.7,23.2,Colindale
492,Lewisham - Brockley,Brockley,17156,53,75,80.1,15.24830963,6.5,43.1,36.8,10.5,Brockley
493,Brent - Harlesden,Harlesden,17162,106.9,71.9,80.6,25.86528377,8,67,52.9,23,Harlesden
494,Lambeth - Larkhall,Larkhall,17243,38.8,74,79.2,16.65603433,6.2,43.3,42.2,13,Larkhall
495,Barnet - Coppetts,Coppetts,17250,72.5,76.7,81.1,19.71014493,10.3,35,36.1,13.6,Coppetts
496,Newham - Forest Gate South,Forest Gate South,17362,61.8,74.6,77.2,19.4102062,6.5,68.2,54.8,25.5,Forest Gate South
497,Enfield - Upper Edmonton,Upper Edmonton,17374,88.4,75.4,76.7,25.843214,9.2,58,48.4,22.7,Upper Edmonton
498,Barnet - West Hendon,West Hendon,17402,85.8,78.2,84.3,19.80806804,11.4,50.6,53.6,24.7,West Hendon
499,Barnet - Hale,Hale,17437,90.5,81.2,83.8,23.10603888,13.4,40.6,35.7,11.7,Hale
500,Lewisham - Lewisham Central,Lewisham Central,17446,67.4,71.4,77.6,18.33084948,8.4,51.6,41.2,12.4,Lewisham Central
501,Croydon - West Thornton,West Thornton,17489,81.5,77.6,82.5,25.05003145,9.5,76.5,46.5,15.1,West Thornton
502,Greenwich - Woolwich Common,Woolwich Common,17499,100.5,73.9,85.4,26.91010915,5.9,57.6,41.8,13.6,Woolwich Common
503,Barnet - Woodhouse,Woodhouse,17575,57.8,78.6,81.1,18.74822191,13.6,37.6,41,16.2,Woodhouse
504,Ealing - Greenford Broadway,Greenford Broadway,17625,93.5,77.4,81.2,23.44397163,11,57.3,48.6,22.2,Greenford Broadway
505,Enfield - Edmonton Green,Edmonton Green,17949,124.1,74.8,79.6,27.97370327,8.4,60.6,46.8,21.4,Edmonton Green
506,Croydon - Selhurst,Selhurst,18087,77.3,73.9,78.9,24.55354675,8.7,65.6,40.1,11.5,Selhurst
507,Greenwich - Glyndon,Glyndon,18171,91,73.2,77.4,22.86060206,7.1,55,42.2,13.8,Glyndon
508,Barnet - Burnt Oak,Burnt Oak,18217,94.3,74.7,82.1,24.58143492,9.3,53.5,47.1,19.3,Burnt Oak
509,Barnet - Mill Hill,Mill Hill,18451,63.8,80.7,86.6,22.81719148,13.1,36.1,34.4,10.2,Mill Hill
510,Barnet - Hendon,Hendon,18472,88.4,80.1,85.3,20.08445214,11.9,36.3,48.2,20.3,Hendon
511,Croydon - Broad Green,Broad Green,18652,83.8,75.3,83.8,25.76131246,7.1,68.6,46.2,16.9,Broad Green
512,Ealing - East Acton,East Acton,18706,62.3,80.1,85.6,19.25050786,8.2,50.1,54.4,22.4,East Acton
513,Barnet - Golders Green,Golders Green,18818,98.7,78.3,84.2,27.1867361,12,34.2,45.8,17.5,Golders Green
514,Greenwich - Woolwich Riverside,Woolwich Riverside,19120,84.4,73.8,80.2,23.62970711,6.2,49,39.4,13.3,Woolwich Riverside
515,Greenwich - Thamesmead Moorings,Thamesmead Moorings,19730,122.5,74.3,77.5,28.64673087,4.7,57.6,41.8,12.1,Thamesmead Moorings
516,Barnet - Childs Hill,Childs Hill,20049,69,77.4,82,19.17302609,12.4,38.9,51.2,23,Childs Hill
517,Tower Hamlets - Millwall,Millwall,23084,58.1,83.6,95,15.56056143,3.5,47.6,52.1,23.4,Millwall
