"Wardcode","hhSocialRented","JobSeekers","Noqual","Carsperhousehold"
"00ABFX",26.7,8.7,16.4,0.5
"00ABFY",36.8,10.2,31.2,0.8
"00ABFZ",29.4,10.2,28,0.9
"00ABGB",20,8.8,29.9,1.1
"00ABGC",37.4,10.2,28.9,0.8
"00ABGD",54,12.2,25.5,0.5
"00ABGE",37.3,9.6,30,0.8
"00ABGF",45.3,12.2,32.1,0.7
"00ABGG",13.1,5.6,22.7,1.1
"00ABGH",38.6,9.6,32.1,0.8
"00ABGJ",36.4,9.5,31.8,0.8
"00ABGK",25.7,8.6,29.9,0.8
"00ABGL",44.4,9.2,24.1,0.7
"00ABGM",37.4,9.5,32.1,0.8
"00ABGN",39.9,11.9,30.3,0.8
"00ABGP",12.3,6.9,24,1
"00ACFX",9,4,17.4,1.3
"00ACFY",35.5,6.9,23.6,0.8
"00ACFZ",12.5,6.2,13.7,0.8
"00ACGA",34.3,4.8,18,0.8
"00ACGB",13.4,4.9,15,1
"00ACGC",9.8,4.3,17.1,1.2
"00ACGD",22.2,4.2,14.1,0.8
"00ACGE",15.8,4.2,17,1.2
"00ACGF",4.9,3.4,12.3,1.2
"00ACGG",4.9,2,8.2,7.2
"00ACGH",13.3,4.5,16.4,1
"00ACGJ",13.6,4.1,17.8,1.2
"00ACGK",12.1,4.7,13.5,1
"00ACGL",7.7,2.9,13.1,1.2
"00ACGM",12.8,3.8,14,1.3
"00ACGN",7.3,3.7,14.7,1.3
"00ACGP",8.7,2.5,13,1.3
"00ACGQ",25.7,5.4,21.6,1.1
"00ACGR",7.2,3.3,12.2,0.9
"00ACGS",16.8,5,17.8,0.9
"00ACGT",11.5,4.5,15.7,1
"00ADGA",10.7,3.5,23.1,1.3
"00ADGB",16.1,6.1,23.7,1
"00ADGC",3.8,2.1,22.4,1.3
"00ADGD",2.6,2.4,21.5,1.4
"00ADGE",4.4,2.7,22.9,1.3
"00ADGF",3.9,3.3,21,1.2
"00ADGG",29.4,6.7,25.1,1.1
"00ADGH",21.8,4.7,25.3,1.1
"00ADGJ",22.8,4.1,25.1,1.2
"00ADGK",8.9,3.3,23,1.2
"00ADGL",12.6,4.6,26.4,1.2
"00ADGM",20.2,6.6,23.6,1
"00ADGN",1.1,2.9,22.1,1.3
"00ADGP",21,5.3,23.8,1.1
"00ADGQ",13.2,2.8,20.9,1.2
"00ADGR",37.4,8.9,28.8,0.9
"00ADGS",9.3,3.8,23.3,1.3
"00ADGT",4.1,2.1,18.9,1.4
"00ADGU",7,3.7,21.8,1.4
"00ADGW",6.7,2,19.1,1.2
"00ADGX",38.4,9.7,20.8,0.8
"00AEGJ",12.1,4.5,22.1,0.9
"00AEGK",26.6,6.7,18.1,1
"00AEGL",21.5,5.3,15.9,0.7
"00AEGM",22.1,8,24.4,0.9
"00AEGN",19.9,9.1,19.8,0.8
"00AEGP",13.9,5.1,20.3,1.1
"00AEGQ",44,23.4,24.1,0.5
"00AEGR",26.7,13.3,19.7,0.6
"00AEGS",5.6,2.6,17.3,1.4
"00AEGT",45,13.3,17.1,0.4
"00AEGU",19.2,7.3,14.5,0.6
"00AEGW",16.2,3.1,13.4,1.3
"00AEGX",12.6,4.9,17.5,1
"00AEGY",19.9,6.9,13.3,0.7
"00AEGZ",15.3,4.2,21.4,1.2
"00AEHA",62.3,13.7,25.9,0.6
"00AEHB",15,6.1,18.1,0.9
"00AEHC",12,4.7,19.4,0.9
"00AEHD",19.2,7.7,22.6,0.9
"00AEHE",15.6,6,20.7,0.8
"00AEHF",26.8,8.9,18.5,0.5
"00AFGD",7,2.4,14.5,1.4
"00AFGE",4.6,2.8,18.3,1.7
"00AFGF",15.7,4.3,20.5,1.3
"00AFGG",10,3.3,13.1,1
"00AFGH",4.6,2.3,16.4,1.5
"00AFGJ",7.1,2.9,15.8,1.4
"00AFGK",12.6,3.7,15.2,1
"00AFGL",9.2,3.1,12.1,1
"00AFGM",24.7,6.1,27.9,1
"00AFGN",33.5,7.1,28.5,1.1
"00AFGP",33.2,8.2,16.9,0.6
"00AFGQ",5.5,1.6,21.9,1.7
"00AFGR",8.8,2.2,18.1,1.3
"00AFGS",3.1,2.2,15.7,1.4
"00AFGT",8.6,3.1,17.1,1.3
"00AFGU",31.9,7.3,26,1
"00AFGW",15.8,4.8,22.3,1.2
"00AFGX",29.8,7.4,17,0.8
"00AFGY",2.7,2.1,15.2,1.4
"00AFGZ",17.4,4.7,18.6,1
"00AFHA",6.2,1.7,12.1,1.3
"00AFHB",4.4,2.2,15.2,1.4
"00AGGD",19.6,3.3,8.4,0.6
"00AGGE",28.6,4.2,7.8,0.2
"00AGGF",30.5,5.4,11.7,0.5
"00AGGG",40.3,6.2,13.9,0.4
"00AGGH",16.7,5,9.2,0.6
"00AGGJ",7.1,1.9,6.1,0.8
"00AGGK#",45.9,6.3,17.8,0.5
"00AGGL",13.4,1.6,6.1,0.7
"00AGGM",49.2,7.7,18.6,0.4
"00AGGN",34.1,5.2,12.6,0.7
"00AGGP",42.5,6,12.9,0.3
"00AGGQ",33.3,5.6,13.6,0.4
"00AGGR",42.1,8,17.4,0.4
"00AGGS",46.1,7.5,12.1,0.2
"00AGGT",48,6.7,17.5,0.4
"00AGGU",61.2,10.8,22.7,0.3
"00AGGW",16.5,2.9,9,0.6
"00AGGX",22.2,4.6,9.5,0.5
"00AHGE",13.7,5.1,15.3,0.7
"00AHGF",21.5,5.4,19.5,1.1
"00AHGG",11.9,8.5,17.9,0.8
"00AHGH",27.5,8.3,20.2,0.7
"00AHGJ",12.5,3.5,18.2,1.4
"00AHGK",4.6,2.7,15.1,1.5
"00AHGL",8.3,4.4,12,1
"00AHGM",15.5,4.2,12.3,0.6
"00AHGN",60.6,11,34.4,0.8
"00AHGP",9.3,4.2,17.2,1.3
"00AHGQ",11.4,4,14.6,1.3
"00AHGR",42.2,7.9,34.8,1
"00AHGS",13.8,6.6,16.2,1
"00AHGT",7.6,4.4,12.9,1.2
"00AHGU",6.7,2.9,15.1,1.5
"00AHGW",27.1,9.9,18.9,0.6
"00AHGX",2,2.7,15.2,1.5
"00AHGY",18.5,4.7,19.1,1.2
"00AHGZ",20.7,9.6,15.9,0.7
"00AHHA",19.7,11.3,18.7,0.7
"00AHHB",20.6,7.7,16.6,0.9
"00AHHC",25.5,6.8,19.1,0.8
"00AHHD",15.7,7.9,17.9,0.8
"00AHHE",19.8,8.4,17.1,0.8
"00AJGC",23.3,6.6,14.3,0.7
"00AJGD",21.5,5.6,13.1,0.9
"00AJGE",28.4,8.9,23.5,1
"00AJGF",11,3.4,7.3,0.8
"00AJGG",14.6,4.8,10.8,0.9
"00AJGH",22.1,7.8,15,0.7
"00AJGJ",20.2,5.9,15.1,0.8
"00AJGK",23.4,7.6,21.9,0.9
"00AJGL",9.7,4.8,17.8,1.1
"00AJGM",4.7,3.3,9.2,1
"00AJGN",25.2,5.6,18.2,0.9
"00AJGP",7.3,6.1,19.8,1.3
"00AJGQ",6.7,2.6,8.7,0.9
"00AJGR",8.3,3.8,16.9,1.2
"00AJGS",24.2,7.8,21.5,0.9
"00AJGT",34.5,9.4,25.1,0.9
"00AJGU",34.7,10.1,21.8,1.1
"00AJGW",8.5,5,17.4,1.1
"00AJGX",33.9,7.3,16.2,0.7
"00AJGY",16.4,8.5,23.8,0.9
"00AJGZ",13.6,10.9,23.6,0.9
"00AJHA",9.8,3.1,9,0.8
"00AJHB",12,3.6,10.2,0.8
"00AKGL",10.7,6.8,16.7,0.8
"00AKGM",5.2,4.1,20.4,1.3
"00AKGN",21.3,6.5,22.4,1.1
"00AKGP",12,4.3,19,1.3
"00AKGQ",43.1,19.6,30.5,0.6
"00AKGR",24.4,9.6,30.1,1
"00AKGS",22.7,11,26.5,0.9
"00AKGT",3.4,3.1,16.1,1.3
"00AKGU",19.5,11,27.2,0.8
"00AKGW",7.4,3.3,18.7,1.2
"00AKGX",15.5,9.1,28.5,1
"00AKGY",27.4,11.5,28.5,0.7
"00AKGZ",9,5.7,20.6,1
"00AKHA",25.6,13.7,26.9,0.8
"00AKHB",24,8.1,24.6,0.9
"00AKHC",7.4,4.6,16.1,1.1
"00AKHD",12,4.3,16.3,1.1
"00AKHE",6.1,3.8,17.4,1.2
"00AKHF",26.3,9.5,30.2,1
"00AKHG",29.8,11.7,28.3,0.8
"00AKHH",6.4,3.9,15.4,1.2
"00ALGP",38.9,9,25.3,0.7
"00ALGQ",22.4,3.4,12.1,0.8
"00ALGR",41.1,7.4,20.8,0.7
"00ALGS",23.5,4.9,25.4,1.1
"00ALGT",17,4.1,20,1.1
"00ALGU",22.4,5.5,21.5,1
"00ALGW",44.1,6.2,30.8,0.9
"00ALGX",41.4,10.5,21.4,0.6
"00ALGY",35.7,5.4,12.8,0.6
"00ALGZ",32.1,6.8,23.7,0.9
"00ALHA",37.3,7.9,25.5,0.9
"00ALHB",30.6,4.1,15,0.6
"00ALHC",27.3,11,21.6,0.7
"00ALHD",19.5,5.9,19.4,1
"00ALHE",38,9.3,18.7,0.7
"00ALHF",50,13.4,21.8,0.6
"00ALHG",50,10.4,19.9,0.5
"00AMGA",32,6,14.1,0.4
"00AMGB",33.8,9.9,23.5,0.4
"00AMGC",51,14.1,21.1,0.4
"00AMGD",34,5.6,14.3,0.5
"00AMGE",38.9,12,15.9,0.4
"00AMGF",39.9,9.4,15.6,0.4
"00AMGG",50.7,11,18.4,0.3
"00AMGH",43.1,11.6,19.3,0.4
"00AMGJ",44.1,10.4,16.1,0.3
"00AMGK",54.3,9.4,17.7,0.3
"00AMGL",57.9,13.6,24.6,0.5
"00AMGM",32,11.4,18.5,0.5
"00AMGN",37,7.1,24.2,0.5
"00AMGP",44.5,8.5,29,0.4
"00AMGQ",50.1,12.2,18.8,0.4
"00AMGR",47,10.8,31.7,0.4
"00AMGS",32.2,8.3,14.2,0.4
"00AMGT",52.3,12.5,19.5,0.4
"00AMGU",53.8,12.2,22.8,0.5
"00ANGA",24.9,4.5,9.3,0.5
"00ANGB",34.8,6.7,13.7,0.5
"00ANGC",21.9,4.7,9.3,0.5
"00ANGD",55.9,7.9,23,0.4
"00ANGE",36.2,4.6,14.8,0.5
"00ANGF",31.9,3.8,11.7,0.5
"00ANGG",39.9,5.5,15,0.5
"00ANGH",18.1,2.8,9.7,0.7
"00ANGJ",28.6,4.7,11.2,0.4
"00ANGK",14.2,1.8,9.9,0.9
"00ANGL",20.6,3,9.5,0.8
"00ANGM",23.2,3.4,9.9,0.6
"00ANGN",33.9,4.2,12.8,0.6
"00ANGP",37.9,8.2,13.9,0.4
"00ANGQ",23.7,3.6,9.4,0.6
"00ANGR",52.3,10.5,21.5,0.5
"00APGA",9,3.4,8,1
"00APGB",28.4,8.5,17.3,0.6
"00APGC",28.2,15.3,22.5,0.5
"00APGD",10.2,3.4,6.4,0.7
"00APGE",11.2,3.5,9.2,0.9
"00APGF",13.9,9.3,14,0.5
"00APGG",11.1,3.3,6.4,0.8
"00APGH",29.5,8.6,13.8,0.6
"00APGJ",9.4,3,8.3,0.9
"00APGK",38.2,12.1,20.8,0.5
"00APGL",48.6,20.8,29.2,0.5
"00APGM",23.6,11.3,20.4,0.5
"00APGN",31.8,10.3,24.4,0.5
"00APGP",22.9,5.5,10.1,0.6
"00APGQ",39.2,12.7,22.7,0.4
"00APGR",39.2,11.8,24.7,0.5
"00APGS",36,12,23.9,0.5
"00APGT",48.7,14.4,30,0.6
"00APGU",23.2,9.2,20,0.6
"00AQFY",3.7,2.8,15.1,1.5
"00AQFZ",10.2,2.9,17.8,1.3
"00AQGA",10.3,4.3,22.5,1.1
"00AQGB",11.4,5.3,11.7,0.8
"00AQGC",13.8,3.4,13.3,1
"00AQGD",15.9,4.7,19.4,1.3
"00AQGE",8.5,2.4,15.4,1.4
"00AQGF",4,2.5,12.9,1.4
"00AQGG",7.2,3.7,13.1,1.1
"00AQGH",14.8,3.7,23.4,1.2
"00AQGJ",3,3,17.9,1.4
"00AQGK",11.1,6.1,17.1,0.9
"00AQGL",14.6,2.8,14.7,1.3
"00AQGM",6.7,1.9,11.4,1.4
"00AQGN",3.9,3.2,20.8,1.2
"00AQGP",2.2,3.2,13.7,1.3
"00AQGQ",25.4,5.7,19.2,1
"00AQGR",9.5,5.2,17.3,1.2
"00AQGS",15,3.2,19.7,1.4
"00AQGT",15.1,6.4,20.9,1
"00AQGU",9.6,3.7,13.4,1.1
"00ARGC",17.4,5,24.9,1
"00ARGD",4.8,2.7,22.2,1.3
"00ARGE",15.1,5,29.6,1.1
"00ARGF",3.9,2.5,23.1,1.6
"00ARGG",41.9,9.3,34.2,1
"00ARGH",4.4,3.1,25.3,1.3
"00ARGJ",16,4.8,25.8,1.2
"00ARGK",20.6,6.4,30.4,1.3
"00ARGL",37.1,8.8,35.8,1
"00ARGM",7.2,3.2,23.7,1.4
"00ARGN",11.4,5,29.6,1.2
"00ARGP",5.4,3.2,25.7,1.4
"00ARGQ",8.9,5.2,29.8,1.3
"00ARGR",13,5,21,0.9
"00ARGS",11.3,3.7,26.2,1.2
"00ARGT",19.8,7.3,31.4,1.2
"00ARGU",8.8,3.9,20,1.3
"00ARGW",1.9,31.6,19,1.4
"00ASGG",19.2,5.8,22.4,1.2
"00ASGH",25.2,7.6,24,1.1
"00ASGJ",22,3.3,17.6,1.1
"00ASGK",7.3,2.4,17.2,1.4
"00ASGL",9.7,4.2,21.6,1.3
"00ASGM",7.2,2,13.6,1.5
"00ASGN",24,3.2,23.8,1.4
"00ASGP",14.8,3.7,19.2,1.1
"00ASGQ",14.8,4.5,19.3,1.3
"00ASGR",4.4,1.6,14.6,1.6
"00ASGS",4.1,2,17,1.3
"00ASGT",14.2,2.3,13.3,1.3
"00ASGU",15.5,2.6,16.6,1.3
"00ASGW",20.4,6,22,1.2
"00ASGX",10.1,3.4,18.3,1.2
"00ASGY",30.1,7.9,24.7,1
"00ASGZ",12.7,2.9,16.8,1.3
"00ASHA",22.2,3.9,14.1,1
"00ASHB",26.4,5.3,24.3,1.1
"00ASHC",11,2,16.3,1.3
"00ASHD",21.8,6,19.8,1.1
"00ASHE",27.3,5.5,23.7,1
"00ATFY",26.9,5.1,24,1.1
"00ATFZ",37.7,3.9,17.2,0.8
"00ATGA",16.4,2.3,9.3,0.9
"00ATGB",18.5,2.9,9.2,1
"00ATGC",29.1,6,20.2,1
"00ATGD",22.3,4.6,26.1,1.1
"00ATGE",27.2,4.5,20.5,1
"00ATGF",38.6,6.7,26.4,1
"00ATGG",21.3,3.8,23.4,1.1
"00ATGH",19.5,4.6,17.3,1.1
"00ATGJ",15.7,4.6,16.1,1.2
"00ATGK",33.7,7,21.8,1.1
"00ATGL",16.9,3.9,12.8,0.7
"00ATGM",20,6,15.7,0.9
"00ATGN",5.1,2.9,15.7,1.3
"00ATGP",18.9,4.6,16.3,0.9
"00ATGQ",34.1,4.9,19.9,0.9
"00ATGR",6.9,3.3,10.8,1.2
"00ATGS",27.4,4.1,16.4,0.9
"00ATGT",14.7,2.7,9.9,0.8
"00AUFX",38.5,5,16.3,0.5
"00AUFY",47.3,6.5,15.8,0.3
"00AUFZ",44.7,6.3,21,0.4
"00AUGA",47.2,6.8,19.2,0.4
"00AUGB",42.3,5.6,15.1,0.4
"00AUGC",43.4,9.6,20.6,0.3
"00AUGD",31.1,4.7,13.4,0.5
"00AUGE",33.5,6,12.6,0.4
"00AUGF",45.3,7.6,17.9,0.5
"00AUGG",46.5,6.2,18.8,0.4
"00AUGH",43.3,6.9,16.8,0.4
"00AUGJ",47,6.8,17.4,0.4
"00AUGK",38,6.9,16.5,0.5
"00AUGL",41.5,5.1,15.5,0.4
"00AUGM",40.4,5.9,17.3,0.4
"00AUGN",41.9,7.8,17.3,0.4
"00AWFY",9.4,2.8,6.3,0.6
"00AWFZ",12.3,1.4,6.6,0.6
"00AWGA",7,1.5,4.5,0.7
"00AWGB",45.2,6.4,13.1,0.4
"00AWGC",9.1,2.7,3.8,0.5
"00AWGD",43.4,4.8,15.4,0.5
"00AWGE",22.7,5.1,8.4,0.4
"00AWGF",67.8,12.1,22.5,0.4
"00AWGG",16.4,2.2,9.2,0.6
"00AWGH",11.9,3.1,7,0.7
"00AWGJ",38.5,5.4,14.2,0.6
"00AWGK",55.8,9.3,19.4,0.5
"00AWGL",12.7,2.7,6.2,0.5
"00AWGM",4,1.5,3.8,0.6
"00AWGN",10.4,2.6,5.2,0.6
"00AWGP",13.6,1.8,9,0.8
"00AWGQ",58.7,9.4,21.5,0.5
"00AWGR",13.1,2,7.3,0.7
"00AXFX",4.9,2.1,15.8,1.4
"00AXFY",17.4,2.4,11.9,1
"00AXFZ",11.5,2.9,15.2,1
"00AXGA",12.5,1.9,9,0.9
"00AXGB",14.8,2.8,21.9,1.3
"00AXGC",11.7,2.1,19.1,1.4
"00AXGD",11.6,2.3,10.7,1.3
"00AXGE",6.9,1.8,11.7,1.2
"00AXGF",13.2,2.2,8.5,0.8
"00AXGG",31.2,4.9,17.7,0.8
"00AXGH",9.1,2.3,15.7,1.4
"00AXGJ",9.3,2.3,15.9,1.3
"00AXGK",6.7,2.9,6.7,0.9
"00AXGL",7.5,1.7,10.7,1
"00AXGM",10.7,2.7,18.4,1.2
"00AXGN",7.5,1.9,10.1,1.2
"00AYFZ",41.8,6.9,14.5,0.4
"00AYGA",32.2,7.9,13.8,0.5
"00AYGB",23.7,3.8,8.3,0.7
"00AYGC",29.7,5.1,10.9,0.5
"00AYGD",59.1,15,17.6,0.4
"00AYGE",37.4,6.6,13.3,0.4
"00AYGG",31.8,8.5,12.2,0.5
"00AYGH",30.6,9.1,15.9,0.6
"00AYGJ",41.4,7.3,13.9,0.4
"00AYGK",34.8,6,13,0.4
"00AYGL",47.1,8.9,16.3,0.4
"00AYGM",14,7.3,12.6,0.6
"00AYGN",45,9.2,16.2,0.4
"00AYGP",24.9,6.5,13.5,0.6
"00AYGQ",15.5,7.6,17,0.8
"00AYGR",20.8,6.2,13.9,0.6
"00AYGS",39.1,5.9,14.2,0.6
"00AYGT",27.1,5.9,12.7,0.7
"00AYGU",43.2,11,14.7,0.5
"00AYGW",53.2,11,16,0.4
"00AZGD",44,9.5,25.4,0.7
"00AZGE",28.8,4.7,13.2,0.7
"00AZGF",30.1,8.4,11.8,0.5
"00AZGG",12.6,6.5,17.3,0.9
"00AZGH",16.8,5.9,15.3,0.7
"00AZGJ",40.9,9.9,30.2,0.7
"00AZGK",57.3,10.2,19.1,0.4
"00AZGL",26.4,7.6,13.9,0.7
"00AZGM",26.7,7.1,22.5,0.9
"00AZGN",23.6,6.1,12.8,0.7
"00AZGP",21.2,6.3,14.6,0.7
"00AZGQ",27.4,8.2,16.1,0.5
"00AZGR",40.5,10,17.9,0.5
"00AZGS",26.5,7.1,16.2,0.7
"00AZGT",26.9,9.2,18,0.6
"00AZGU",34.7,8,18.7,0.7
"00AZGW",36.6,8.2,14.4,0.6
"00AZGX",34.5,8.8,25.9,0.8
"00BAFX",14.1,2,10.1,0.7
"00BAFY",5.5,2.9,17,1.2
"00BAFZ",12.6,3.5,13.3,0.7
"00BAGA",36.9,10.1,24.5,0.7
"00BAGB",3.7,1.4,7.8,0.8
"00BAGC",27.3,9.1,21,0.8
"00BAGD",3.9,6,15.8,0.9
"00BAGE",9.9,1.2,6.4,0.8
"00BAGF",20.4,5.7,18.1,0.8
"00BAGG",10.6,6,19.1,1
"00BAGH",4.1,3.1,20.9,1.3
"00BAGJ",3.9,2.5,11.5,1
"00BAGK",24.1,8.4,21.7,1
"00BAGL",25.1,6.8,23.7,0.9
"00BAGM",10.7,1.8,9.7,1
"00BAGN",31,6.2,23.7,0.9
"00BAGP",11.9,2.8,9.2,0.8
"00BAGQ",5.6,0.9,6.8,1.4
"00BAGR",5.2,2.4,13.9,1.1
"00BAGS",8.3,2,7.8,1
"00BBGB",36.5,6.5,19.2,0.7
"00BBGC",25.8,9.8,22.4,0.6
"00BBGD",49.3,14.4,25.7,0.5
"00BBGE",36,9.2,22.6,0.5
"00BBGF",41.4,9.5,25.3,0.7
"00BBGG",15.7,8.4,19.3,0.6
"00BBGH",17.6,8.9,19.9,0.7
"00BBGJ",31.1,10.4,24.3,0.7
"00BBGK",28.9,8.7,17.8,0.6
"00BBGL",26.4,9.8,17.6,0.6
"00BBGM",12.8,9.5,20.3,0.6
"00BBGN",13.5,9.7,21.6,0.7
"00BBGP",30.1,12,23.2,0.6
"00BBGQ",22.5,10.9,20.7,0.7
"00BBGR",41.7,11.3,23.6,0.5
"00BBGS",25.1,10.5,21.8,0.6
"00BBGT",30.8,5.6,14.1,0.7
"00BBGU",31.8,7,13.9,0.4
"00BBGW",17.7,8.4,19.6,0.7
"00BBGX",40.9,10.9,20.9,0.5
"00BCFY",11.3,5.3,19.6,1.1
"00BCFZ",4.7,4.2,17.2,1.2
"00BCGA",13.8,4.5,19.9,1.1
"00BCGB",10,6.5,18.5,1
"00BCGC",8.2,3.7,12.3,1.1
"00BCGD",4.9,3.6,17,1.4
"00BCGE",10.7,9.1,18.6,0.8
"00BCGF",5.3,5.1,17.6,1.2
"00BCGG",9.7,5.2,21.2,1.2
"00BCGH",14.9,6.1,23.4,1.2
"00BCGJ",8.5,8.4,18.1,1
"00BCGK",27.3,8.4,28.9,1
"00BCGL",22.8,10.7,20.1,0.7
"00BCGM",7.6,7,20.5,1.2
"00BCGN",4.4,1.9,15,1.4
"00BCGP",10,6.5,17.4,1.1
"00BCGQ",15.9,5,15.9,1.1
"00BCGR",8.2,8,18.4,1
"00BCGS",11.8,2.8,14.9,1
"00BCGT",8.9,8.8,16.6,0.8
"00BCGU",14.3,3,15.2,1.1
"00BDFW",17.9,2.1,9.1,1
"00BDFX",7.6,1.5,6.6,1.1
"00BDFY",8,1.9,10.8,1.1
"00BDFZ",18.5,3.1,14.1,1
"00BDGA",13.8,1.7,12.5,1.2
"00BDGB",22.5,2.9,17.6,1.2
"00BDGC",15.1,1.8,10,1.1
"00BDGD",21.2,3.8,20.4,1.2
"00BDGE",9.9,1.7,7.5,1
"00BDGF",16,2.3,9.8,0.9
"00BDGG",16.9,2.1,10.2,0.9
"00BDGH",4,1.6,6.6,1.1
"00BDGJ",13.9,2,7.1,0.9
"00BDGK",6.6,1.3,6.4,1.1
"00BDGL",8.5,1.5,7.7,1.1
"00BDGM",6.2,1.5,6.2,0.9
"00BDGN",11.5,2.1,13.4,1.1
"00BDGP",9.8,2.8,17,1.2
"00BEGC",46.6,10.1,15.2,0.5
"00BEGD",63.5,11.6,19.3,0.4
"00BEGE",42.8,7.1,12.7,0.4
"00BEGF",43.3,6.4,11.3,0.4
"00BEGG",27.2,5.8,13.6,0.8
"00BEGH",20.3,4.6,12.3,0.7
"00BEGJ",53.9,7.4,20.8,0.4
"00BEGK",68.4,10.3,21.8,0.4
"00BEGL",45,7.6,15.7,0.4
"00BEGM",66.9,13.1,23.8,0.4
"00BEGN",54.2,7.8,19.4,0.4
"00BEGP",47.4,11.3,21.1,0.5
"00BEGQ",59.4,14.4,19.6,0.5
"00BEGR",25.3,5.8,13.8,0.7
"00BEGS",34.3,4.7,13.5,0.5
"00BEGT",45.6,5.8,17.5,0.5
"00BEGU",52.3,8.7,21.9,0.5
"00BEGW",37.9,6.8,12.4,0.6
"00BEGX",23.9,3.7,11.8,0.6
"00BEGY",41.5,9.7,17.5,0.5
"00BEGZ",15.5,2.8,9.4,1
"00BFGC",9,3.8,19.8,1.3
"00BFGD",35.9,6.2,21,1.3
"00BFGE",10,3,13.7,1.2
"00BFGF",7,3.3,15.4,1.2
"00BFGG",10.6,3,15.5,1.5
"00BFGH",2.5,1.9,14.6,1.5
"00BFGJ",3.6,1.7,18.6,1.4
"00BFGK",40.5,7.5,27.3,1
"00BFGL",3.7,2.8,20.5,1.4
"00BFGM",22.7,5.6,18.6,0.8
"00BFGN",11.1,3.8,21.6,1.1
"00BFGP",11.9,3.5,15.7,0.9
"00BFGQ",3.9,2.5,13.5,1.1
"00BFGR",14.7,4.1,22.2,1.1
"00BFGS",12.9,3.3,16.4,1.1
"00BFGT",16.4,4.2,18.7,1.1
"00BFGU",33.6,6.6,23.7,1
"00BFGW",6.4,2.4,17.2,1.2
"00BGFW",46,12.8,22.1,0.4
"00BGFX",44.9,10.9,21.4,0.3
"00BGFY",28.6,6.7,14.6,0.5
"00BGFZ",42.8,10.5,21.4,0.4
"00BGGA",39,8.8,20.3,0.5
"00BGGC",57.5,19.5,30.7,0.4
"00BGGD",41.2,11.7,21.9,0.5
"00BGGE",46,8.8,19.5,0.4
"00BGGF",52.9,14.8,23.3,0.4
"00BGGG",20.6,5.1,11.4,0.5
"00BGGH",54,11.7,26.9,0.4
"00BGGJ",20.3,4.3,12.3,0.6
"00BGGK",42.7,14.8,21.3,0.4
"00BGGL",31.9,11.2,17.2,0.3
"00BGGM",43.4,11.7,20.6,0.3
"00BGGN",32.9,9.3,17.1,0.3
"00BHFX",28.3,10.5,19.2,0.6
"00BHFY",38.5,13.2,19.3,0.5
"00BHFZ",15.7,8.2,18.7,0.9
"00BHGA",15.4,4.9,24.2,1.1
"00BHGB",14.7,4.8,23.5,1.3
"00BHGC",13.6,7.4,19.3,0.8
"00BHGD",9.1,7.1,15.7,0.6
"00BHGE",18.8,6.8,20,1.1
"00BHGF",24.7,7,26.2,1.1
"00BHGG",19,8.3,18.3,0.6
"00BHGH",33.6,11.5,23.7,0.7
"00BHGJ",27,11.5,19,0.6
"00BHGK",17.4,6.6,26.2,1.1
"00BHGL",18.4,11.9,23,0.6
"00BHGM",34.5,12.5,21.1,0.6
"00BHGN",15.4,7.5,15.1,0.7
"00BHGP",24.4,11.3,20.8,0.6
"00BHGQ",17.9,8.1,26.1,1.1
"00BHGR",21.4,9,20.4,0.6
"00BHGS",30.9,9.8,20.8,0.7
"00BJFZ",10.9,2.4,7.1,0.7
"00BJGA",16.1,2.9,9.1,0.7
"00BJGB",21.7,3.1,11.9,0.7
"00BJGC",11.3,2.2,7.9,0.7
"00BJGD",15.2,2.4,8.5,0.7
"00BJGE",16.8,6.5,15.5,0.7
"00BJGF",17.8,5.2,14.7,0.6
"00BJGG",47,8.2,17.9,0.4
"00BJGH",13.1,2.7,8.9,0.7
"00BJGJ",13.6,2.3,6.7,0.8
"00BJGK",30.7,4.6,11.9,0.5
"00BJGL",46,8.3,18.2,0.6
"00BJGM",21.8,4.8,11.4,0.7
"00BJGN",22.6,2.8,10.9,0.6
"00BJGP",14.7,2.8,10.1,0.7
"00BJGQ",7.5,1.3,6.3,0.8
"00BJGR",18,5.7,14.4,0.6
"00BJGS",12.6,2.1,11,1
"00BJGT",23.6,4.7,14.3,0.8
"00BJGU",22.9,3.8,14.5,0.8
"00BKGA",9.1,2.4,10,0.7
"00BKGB",20.4,4.4,7.5,0.4
"00BKGC",7.8,3.3,8.2,0.4
"00BKGD",49.8,6.8,19.1,0.4
"00BKGE",55.8,12.4,28.1,0.3
"00BKGF",43.4,10.4,18.4,0.4
"00BKGG",9.8,2.9,11.1,0.5
"00BKGH",3.9,0.4,5.7,0.9
"00BKGJ",10.5,3.4,7.1,0.4
"00BKGK",18.5,3.7,11.5,0.6
"00BKGL",24.5,4.6,13.2,0.5
"00BKGM",9.9,1.3,5.8,0.5
"00BKGN",55.4,13.7,22.6,0.4
"00BKGP",19.1,2.2,13,0.6
"00BKGQ",28,6.1,10.7,0.4
"00BKGR",29.3,2.7,12.5,0.4
"00BKGS",34.5,4.3,11.7,0.4
"00BKGT",28.2,4,9.4,0.5
"00BKGU",48.5,10,22.4,0.4
"00BKGW",23.5,3.4,9.6,0.4
"",NA,NA,NA,NA
"",NA,NA,NA,NA
"",NA,NA,NA,NA
"",NA,NA,NA,NA
"",NA,NA,NA,NA
"",NA,NA,NA,NA
"",NA,NA,NA,NA
"",NA,NA,NA,NA
"",NA,NA,NA,NA
"",NA,NA,NA,NA
"",NA,NA,NA,NA
"",NA,NA,NA,NA
"",NA,NA,NA,NA
"",NA,NA,NA,NA
"",NA,NA,NA,NA
"",NA,NA,NA,NA
"",NA,NA,NA,NA
"",NA,NA,NA,NA
"",NA,NA,NA,NA
"",NA,NA,NA,NA
"",NA,NA,NA,NA
"",NA,NA,NA,NA
"",NA,NA,NA,NA
"",NA,NA,NA,NA
"",NA,NA,NA,NA
"",NA,NA,NA,NA
"",NA,NA,NA,NA
"",NA,NA,NA,NA
"",NA,NA,NA,NA
"",NA,NA,NA,NA
"",NA,NA,NA,NA
"",NA,NA,NA,NA
"",NA,NA,NA,NA
"",NA,NA,NA,NA
"",NA,NA,NA,NA
"",NA,NA,NA,NA
